date_key,year,quarter,month,month_name,day_of_month,day_of_week,day_name,week_of_year,is_weekend
2015-01-01,2015,1,1,January,1,3,Thursday,1,False
2015-01-02,2015,1,1,January,2,4,Friday,1,False
2015-01-03,2015,1,1,January,3,5,Saturday,1,True
2015-01-04,2015,1,1,January,4,6,Sunday,1,True
2015-01-05,2015,1,1,January,5,0,Monday,2,False
2015-01-06,2015,1,1,January,6,1,Tuesday,2,False
2015-01-07,2015,1,1,January,7,2,Wednesday,2,False
2015-01-08,2015,1,1,January,8,3,Thursday,2,False
2015-01-09,2015,1,1,January,9,4,Friday,2,False
2015-01-10,2015,1,1,January,10,5,Saturday,2,True
2015-01-11,2015,1,1,January,11,6,Sunday,2,True
2015-01-12,2015,1,1,January,12,0,Monday,3,False
2015-01-13,2015,1,1,January,13,1,Tuesday,3,False
2015-01-14,2015,1,1,January,14,2,Wednesday,3,False
2015-01-15,2015,1,1,January,15,3,Thursday,3,False
2015-01-16,2015,1,1,January,16,4,Friday,3,False
2015-01-17,2015,1,1,January,17,5,Saturday,3,True
2015-01-18,2015,1,1,January,18,6,Sunday,3,True
2015-01-19,2015,1,1,January,19,0,Monday,4,False
2015-01-20,2015,1,1,January,20,1,Tuesday,4,False
2015-01-21,2015,1,1,January,21,2,Wednesday,4,False
2015-01-22,2015,1,1,January,22,3,Thursday,4,False
2015-01-23,2015,1,1,January,23,4,Friday,4,False
2015-01-24,2015,1,1,January,24,5,Saturday,4,True
2015-01-25,2015,1,1,January,25,6,Sunday,4,True
2015-01-26,2015,1,1,January,26,0,Monday,5,False
2015-01-27,2015,1,1,January,27,1,Tuesday,5,False
2015-01-28,2015,1,1,January,28,2,Wednesday,5,False
2015-01-29,2015,1,1,January,29,3,Thursday,5,False
2015-01-30,2015,1,1,January,30,4,Friday,5,False
2015-01-31,2015,1,1,January,31,5,Saturday,5,True
2015-02-01,2015,1,2,February,1,6,Sunday,5,True
2015-02-02,2015,1,2,February,2,0,Monday,6,False
2015-02-03,2015,1,2,February,3,1,Tuesday,6,False
2015-02-04,2015,1,2,February,4,2,Wednesday,6,False
2015-02-05,2015,1,2,February,5,3,Thursday,6,False
2015-02-06,2015,1,2,February,6,4,Friday,6,False
2015-02-07,2015,1,2,February,7,5,Saturday,6,True
2015-02-08,2015,1,2,February,8,6,Sunday,6,True
2015-02-09,2015,1,2,February,9,0,Monday,7,False
2015-02-10,2015,1,2,February,10,1,Tuesday,7,False
2015-02-11,2015,1,2,February,11,2,Wednesday,7,False
2015-02-12,2015,1,2,February,12,3,Thursday,7,False
2015-02-13,2015,1,2,February,13,4,Friday,7,False
2015-02-14,2015,1,2,February,14,5,Saturday,7,True
2015-02-15,2015,1,2,February,15,6,Sunday,7,True
2015-02-16,2015,1,2,February,16,0,Monday,8,False
2015-02-17,2015,1,2,February,17,1,Tuesday,8,False
2015-02-18,2015,1,2,February,18,2,Wednesday,8,False
2015-02-19,2015,1,2,February,19,3,Thursday,8,False
2015-02-20,2015,1,2,February,20,4,Friday,8,False
2015-02-21,2015,1,2,February,21,5,Saturday,8,True
2015-02-22,2015,1,2,February,22,6,Sunday,8,True
2015-02-23,2015,1,2,February,23,0,Monday,9,False
2015-02-24,2015,1,2,February,24,1,Tuesday,9,False
2015-02-25,2015,1,2,February,25,2,Wednesday,9,False
2015-02-26,2015,1,2,February,26,3,Thursday,9,False
2015-02-27,2015,1,2,February,27,4,Friday,9,False
2015-02-28,2015,1,2,February,28,5,Saturday,9,True
2015-03-01,2015,1,3,March,1,6,Sunday,9,True
2015-03-02,2015,1,3,March,2,0,Monday,10,False
2015-03-03,2015,1,3,March,3,1,Tuesday,10,False
2015-03-04,2015,1,3,March,4,2,Wednesday,10,False
2015-03-05,2015,1,3,March,5,3,Thursday,10,False
2015-03-06,2015,1,3,March,6,4,Friday,10,False
2015-03-07,2015,1,3,March,7,5,Saturday,10,True
2015-03-08,2015,1,3,March,8,6,Sunday,10,True
2015-03-09,2015,1,3,March,9,0,Monday,11,False
2015-03-10,2015,1,3,March,10,1,Tuesday,11,False
2015-03-11,2015,1,3,March,11,2,Wednesday,11,False
2015-03-12,2015,1,3,March,12,3,Thursday,11,False
2015-03-13,2015,1,3,March,13,4,Friday,11,False
2015-03-14,2015,1,3,March,14,5,Saturday,11,True
2015-03-15,2015,1,3,March,15,6,Sunday,11,True
2015-03-16,2015,1,3,March,16,0,Monday,12,False
2015-03-17,2015,1,3,March,17,1,Tuesday,12,False
2015-03-18,2015,1,3,March,18,2,Wednesday,12,False
2015-03-19,2015,1,3,March,19,3,Thursday,12,False
2015-03-20,2015,1,3,March,20,4,Friday,12,False
2015-03-21,2015,1,3,March,21,5,Saturday,12,True
2015-03-22,2015,1,3,March,22,6,Sunday,12,True
2015-03-23,2015,1,3,March,23,0,Monday,13,False
2015-03-24,2015,1,3,March,24,1,Tuesday,13,False
2015-03-25,2015,1,3,March,25,2,Wednesday,13,False
2015-03-26,2015,1,3,March,26,3,Thursday,13,False
2015-03-27,2015,1,3,March,27,4,Friday,13,False
2015-03-28,2015,1,3,March,28,5,Saturday,13,True
2015-03-29,2015,1,3,March,29,6,Sunday,13,True
2015-03-30,2015,1,3,March,30,0,Monday,14,False
2015-03-31,2015,1,3,March,31,1,Tuesday,14,False
2015-04-01,2015,2,4,April,1,2,Wednesday,14,False
2015-04-02,2015,2,4,April,2,3,Thursday,14,False
2015-04-03,2015,2,4,April,3,4,Friday,14,False
2015-04-04,2015,2,4,April,4,5,Saturday,14,True
2015-04-05,2015,2,4,April,5,6,Sunday,14,True
2015-04-06,2015,2,4,April,6,0,Monday,15,False
2015-04-07,2015,2,4,April,7,1,Tuesday,15,False
2015-04-08,2015,2,4,April,8,2,Wednesday,15,False
2015-04-09,2015,2,4,April,9,3,Thursday,15,False
2015-04-10,2015,2,4,April,10,4,Friday,15,False
2015-04-11,2015,2,4,April,11,5,Saturday,15,True
2015-04-12,2015,2,4,April,12,6,Sunday,15,True
2015-04-13,2015,2,4,April,13,0,Monday,16,False
2015-04-14,2015,2,4,April,14,1,Tuesday,16,False
2015-04-15,2015,2,4,April,15,2,Wednesday,16,False
2015-04-16,2015,2,4,April,16,3,Thursday,16,False
2015-04-17,2015,2,4,April,17,4,Friday,16,False
2015-04-18,2015,2,4,April,18,5,Saturday,16,True
2015-04-19,2015,2,4,April,19,6,Sunday,16,True
2015-04-20,2015,2,4,April,20,0,Monday,17,False
2015-04-21,2015,2,4,April,21,1,Tuesday,17,False
2015-04-22,2015,2,4,April,22,2,Wednesday,17,False
2015-04-23,2015,2,4,April,23,3,Thursday,17,False
2015-04-24,2015,2,4,April,24,4,Friday,17,False
2015-04-25,2015,2,4,April,25,5,Saturday,17,True
2015-04-26,2015,2,4,April,26,6,Sunday,17,True
2015-04-27,2015,2,4,April,27,0,Monday,18,False
2015-04-28,2015,2,4,April,28,1,Tuesday,18,False
2015-04-29,2015,2,4,April,29,2,Wednesday,18,False
2015-04-30,2015,2,4,April,30,3,Thursday,18,False
2015-05-01,2015,2,5,May,1,4,Friday,18,False
2015-05-02,2015,2,5,May,2,5,Saturday,18,True
2015-05-03,2015,2,5,May,3,6,Sunday,18,True
2015-05-04,2015,2,5,May,4,0,Monday,19,False
2015-05-05,2015,2,5,May,5,1,Tuesday,19,False
2015-05-06,2015,2,5,May,6,2,Wednesday,19,False
2015-05-07,2015,2,5,May,7,3,Thursday,19,False
2015-05-08,2015,2,5,May,8,4,Friday,19,False
2015-05-09,2015,2,5,May,9,5,Saturday,19,True
2015-05-10,2015,2,5,May,10,6,Sunday,19,True
2015-05-11,2015,2,5,May,11,0,Monday,20,False
2015-05-12,2015,2,5,May,12,1,Tuesday,20,False
2015-05-13,2015,2,5,May,13,2,Wednesday,20,False
2015-05-14,2015,2,5,May,14,3,Thursday,20,False
2015-05-15,2015,2,5,May,15,4,Friday,20,False
2015-05-16,2015,2,5,May,16,5,Saturday,20,True
2015-05-17,2015,2,5,May,17,6,Sunday,20,True
2015-05-18,2015,2,5,May,18,0,Monday,21,False
2015-05-19,2015,2,5,May,19,1,Tuesday,21,False
2015-05-20,2015,2,5,May,20,2,Wednesday,21,False
2015-05-21,2015,2,5,May,21,3,Thursday,21,False
2015-05-22,2015,2,5,May,22,4,Friday,21,False
2015-05-23,2015,2,5,May,23,5,Saturday,21,True
2015-05-24,2015,2,5,May,24,6,Sunday,21,True
2015-05-25,2015,2,5,May,25,0,Monday,22,False
2015-05-26,2015,2,5,May,26,1,Tuesday,22,False
2015-05-27,2015,2,5,May,27,2,Wednesday,22,False
2015-05-28,2015,2,5,May,28,3,Thursday,22,False
2015-05-29,2015,2,5,May,29,4,Friday,22,False
2015-05-30,2015,2,5,May,30,5,Saturday,22,True
2015-05-31,2015,2,5,May,31,6,Sunday,22,True
2015-06-01,2015,2,6,June,1,0,Monday,23,False
2015-06-02,2015,2,6,June,2,1,Tuesday,23,False
2015-06-03,2015,2,6,June,3,2,Wednesday,23,False
2015-06-04,2015,2,6,June,4,3,Thursday,23,False
2015-06-05,2015,2,6,June,5,4,Friday,23,False
2015-06-06,2015,2,6,June,6,5,Saturday,23,True
2015-06-07,2015,2,6,June,7,6,Sunday,23,True
2015-06-08,2015,2,6,June,8,0,Monday,24,False
2015-06-09,2015,2,6,June,9,1,Tuesday,24,False
2015-06-10,2015,2,6,June,10,2,Wednesday,24,False
2015-06-11,2015,2,6,June,11,3,Thursday,24,False
2015-06-12,2015,2,6,June,12,4,Friday,24,False
2015-06-13,2015,2,6,June,13,5,Saturday,24,True
2015-06-14,2015,2,6,June,14,6,Sunday,24,True
2015-06-15,2015,2,6,June,15,0,Monday,25,False
2015-06-16,2015,2,6,June,16,1,Tuesday,25,False
2015-06-17,2015,2,6,June,17,2,Wednesday,25,False
2015-06-18,2015,2,6,June,18,3,Thursday,25,False
2015-06-19,2015,2,6,June,19,4,Friday,25,False
2015-06-20,2015,2,6,June,20,5,Saturday,25,True
2015-06-21,2015,2,6,June,21,6,Sunday,25,True
2015-06-22,2015,2,6,June,22,0,Monday,26,False
2015-06-23,2015,2,6,June,23,1,Tuesday,26,False
2015-06-24,2015,2,6,June,24,2,Wednesday,26,False
2015-06-25,2015,2,6,June,25,3,Thursday,26,False
2015-06-26,2015,2,6,June,26,4,Friday,26,False
2015-06-27,2015,2,6,June,27,5,Saturday,26,True
2015-06-28,2015,2,6,June,28,6,Sunday,26,True
2015-06-29,2015,2,6,June,29,0,Monday,27,False
2015-06-30,2015,2,6,June,30,1,Tuesday,27,False
2015-07-01,2015,3,7,July,1,2,Wednesday,27,False
2015-07-02,2015,3,7,July,2,3,Thursday,27,False
2015-07-03,2015,3,7,July,3,4,Friday,27,False
2015-07-04,2015,3,7,July,4,5,Saturday,27,True
2015-07-05,2015,3,7,July,5,6,Sunday,27,True
2015-07-06,2015,3,7,July,6,0,Monday,28,False
2015-07-07,2015,3,7,July,7,1,Tuesday,28,False
2015-07-08,2015,3,7,July,8,2,Wednesday,28,False
2015-07-09,2015,3,7,July,9,3,Thursday,28,False
2015-07-10,2015,3,7,July,10,4,Friday,28,False
2015-07-11,2015,3,7,July,11,5,Saturday,28,True
2015-07-12,2015,3,7,July,12,6,Sunday,28,True
2015-07-13,2015,3,7,July,13,0,Monday,29,False
2015-07-14,2015,3,7,July,14,1,Tuesday,29,False
2015-07-15,2015,3,7,July,15,2,Wednesday,29,False
2015-07-16,2015,3,7,July,16,3,Thursday,29,False
2015-07-17,2015,3,7,July,17,4,Friday,29,False
2015-07-18,2015,3,7,July,18,5,Saturday,29,True
2015-07-19,2015,3,7,July,19,6,Sunday,29,True
2015-07-20,2015,3,7,July,20,0,Monday,30,False
2015-07-21,2015,3,7,July,21,1,Tuesday,30,False
2015-07-22,2015,3,7,July,22,2,Wednesday,30,False
2015-07-23,2015,3,7,July,23,3,Thursday,30,False
2015-07-24,2015,3,7,July,24,4,Friday,30,False
2015-07-25,2015,3,7,July,25,5,Saturday,30,True
2015-07-26,2015,3,7,July,26,6,Sunday,30,True
2015-07-27,2015,3,7,July,27,0,Monday,31,False
2015-07-28,2015,3,7,July,28,1,Tuesday,31,False
2015-07-29,2015,3,7,July,29,2,Wednesday,31,False
2015-07-30,2015,3,7,July,30,3,Thursday,31,False
2015-07-31,2015,3,7,July,31,4,Friday,31,False
2015-08-01,2015,3,8,August,1,5,Saturday,31,True
2015-08-02,2015,3,8,August,2,6,Sunday,31,True
2015-08-03,2015,3,8,August,3,0,Monday,32,False
2015-08-04,2015,3,8,August,4,1,Tuesday,32,False
2015-08-05,2015,3,8,August,5,2,Wednesday,32,False
2015-08-06,2015,3,8,August,6,3,Thursday,32,False
2015-08-07,2015,3,8,August,7,4,Friday,32,False
2015-08-08,2015,3,8,August,8,5,Saturday,32,True
2015-08-09,2015,3,8,August,9,6,Sunday,32,True
2015-08-10,2015,3,8,August,10,0,Monday,33,False
2015-08-11,2015,3,8,August,11,1,Tuesday,33,False
2015-08-12,2015,3,8,August,12,2,Wednesday,33,False
2015-08-13,2015,3,8,August,13,3,Thursday,33,False
2015-08-14,2015,3,8,August,14,4,Friday,33,False
2015-08-15,2015,3,8,August,15,5,Saturday,33,True
2015-08-16,2015,3,8,August,16,6,Sunday,33,True
2015-08-17,2015,3,8,August,17,0,Monday,34,False
2015-08-18,2015,3,8,August,18,1,Tuesday,34,False
2015-08-19,2015,3,8,August,19,2,Wednesday,34,False
2015-08-20,2015,3,8,August,20,3,Thursday,34,False
2015-08-21,2015,3,8,August,21,4,Friday,34,False
2015-08-22,2015,3,8,August,22,5,Saturday,34,True
2015-08-23,2015,3,8,August,23,6,Sunday,34,True
2015-08-24,2015,3,8,August,24,0,Monday,35,False
2015-08-25,2015,3,8,August,25,1,Tuesday,35,False
2015-08-26,2015,3,8,August,26,2,Wednesday,35,False
2015-08-27,2015,3,8,August,27,3,Thursday,35,False
2015-08-28,2015,3,8,August,28,4,Friday,35,False
2015-08-29,2015,3,8,August,29,5,Saturday,35,True
2015-08-30,2015,3,8,August,30,6,Sunday,35,True
2015-08-31,2015,3,8,August,31,0,Monday,36,False
2015-09-01,2015,3,9,September,1,1,Tuesday,36,False
2015-09-02,2015,3,9,September,2,2,Wednesday,36,False
2015-09-03,2015,3,9,September,3,3,Thursday,36,False
2015-09-04,2015,3,9,September,4,4,Friday,36,False
2015-09-05,2015,3,9,September,5,5,Saturday,36,True
2015-09-06,2015,3,9,September,6,6,Sunday,36,True
2015-09-07,2015,3,9,September,7,0,Monday,37,False
2015-09-08,2015,3,9,September,8,1,Tuesday,37,False
2015-09-09,2015,3,9,September,9,2,Wednesday,37,False
2015-09-10,2015,3,9,September,10,3,Thursday,37,False
2015-09-11,2015,3,9,September,11,4,Friday,37,False
2015-09-12,2015,3,9,September,12,5,Saturday,37,True
2015-09-13,2015,3,9,September,13,6,Sunday,37,True
2015-09-14,2015,3,9,September,14,0,Monday,38,False
2015-09-15,2015,3,9,September,15,1,Tuesday,38,False
2015-09-16,2015,3,9,September,16,2,Wednesday,38,False
2015-09-17,2015,3,9,September,17,3,Thursday,38,False
2015-09-18,2015,3,9,September,18,4,Friday,38,False
2015-09-19,2015,3,9,September,19,5,Saturday,38,True
2015-09-20,2015,3,9,September,20,6,Sunday,38,True
2015-09-21,2015,3,9,September,21,0,Monday,39,False
2015-09-22,2015,3,9,September,22,1,Tuesday,39,False
2015-09-23,2015,3,9,September,23,2,Wednesday,39,False
2015-09-24,2015,3,9,September,24,3,Thursday,39,False
2015-09-25,2015,3,9,September,25,4,Friday,39,False
2015-09-26,2015,3,9,September,26,5,Saturday,39,True
2015-09-27,2015,3,9,September,27,6,Sunday,39,True
2015-09-28,2015,3,9,September,28,0,Monday,40,False
2015-09-29,2015,3,9,September,29,1,Tuesday,40,False
2015-09-30,2015,3,9,September,30,2,Wednesday,40,False
2015-10-01,2015,4,10,October,1,3,Thursday,40,False
2015-10-02,2015,4,10,October,2,4,Friday,40,False
2015-10-03,2015,4,10,October,3,5,Saturday,40,True
2015-10-04,2015,4,10,October,4,6,Sunday,40,True
2015-10-05,2015,4,10,October,5,0,Monday,41,False
2015-10-06,2015,4,10,October,6,1,Tuesday,41,False
2015-10-07,2015,4,10,October,7,2,Wednesday,41,False
2015-10-08,2015,4,10,October,8,3,Thursday,41,False
2015-10-09,2015,4,10,October,9,4,Friday,41,False
2015-10-10,2015,4,10,October,10,5,Saturday,41,True
2015-10-11,2015,4,10,October,11,6,Sunday,41,True
2015-10-12,2015,4,10,October,12,0,Monday,42,False
2015-10-13,2015,4,10,October,13,1,Tuesday,42,False
2015-10-14,2015,4,10,October,14,2,Wednesday,42,False
2015-10-15,2015,4,10,October,15,3,Thursday,42,False
2015-10-16,2015,4,10,October,16,4,Friday,42,False
2015-10-17,2015,4,10,October,17,5,Saturday,42,True
2015-10-18,2015,4,10,October,18,6,Sunday,42,True
2015-10-19,2015,4,10,October,19,0,Monday,43,False
2015-10-20,2015,4,10,October,20,1,Tuesday,43,False
2015-10-21,2015,4,10,October,21,2,Wednesday,43,False
2015-10-22,2015,4,10,October,22,3,Thursday,43,False
2015-10-23,2015,4,10,October,23,4,Friday,43,False
2015-10-24,2015,4,10,October,24,5,Saturday,43,True
2015-10-25,2015,4,10,October,25,6,Sunday,43,True
2015-10-26,2015,4,10,October,26,0,Monday,44,False
2015-10-27,2015,4,10,October,27,1,Tuesday,44,False
2015-10-28,2015,4,10,October,28,2,Wednesday,44,False
2015-10-29,2015,4,10,October,29,3,Thursday,44,False
2015-10-30,2015,4,10,October,30,4,Friday,44,False
2015-10-31,2015,4,10,October,31,5,Saturday,44,True
2015-11-01,2015,4,11,November,1,6,Sunday,44,True
2015-11-02,2015,4,11,November,2,0,Monday,45,False
2015-11-03,2015,4,11,November,3,1,Tuesday,45,False
2015-11-04,2015,4,11,November,4,2,Wednesday,45,False
2015-11-05,2015,4,11,November,5,3,Thursday,45,False
2015-11-06,2015,4,11,November,6,4,Friday,45,False
2015-11-07,2015,4,11,November,7,5,Saturday,45,True
2015-11-08,2015,4,11,November,8,6,Sunday,45,True
2015-11-09,2015,4,11,November,9,0,Monday,46,False
2015-11-10,2015,4,11,November,10,1,Tuesday,46,False
2015-11-11,2015,4,11,November,11,2,Wednesday,46,False
2015-11-12,2015,4,11,November,12,3,Thursday,46,False
2015-11-13,2015,4,11,November,13,4,Friday,46,False
2015-11-14,2015,4,11,November,14,5,Saturday,46,True
2015-11-15,2015,4,11,November,15,6,Sunday,46,True
2015-11-16,2015,4,11,November,16,0,Monday,47,False
2015-11-17,2015,4,11,November,17,1,Tuesday,47,False
2015-11-18,2015,4,11,November,18,2,Wednesday,47,False
2015-11-19,2015,4,11,November,19,3,Thursday,47,False
2015-11-20,2015,4,11,November,20,4,Friday,47,False
2015-11-21,2015,4,11,November,21,5,Saturday,47,True
2015-11-22,2015,4,11,November,22,6,Sunday,47,True
2015-11-23,2015,4,11,November,23,0,Monday,48,False
2015-11-24,2015,4,11,November,24,1,Tuesday,48,False
2015-11-25,2015,4,11,November,25,2,Wednesday,48,False
2015-11-26,2015,4,11,November,26,3,Thursday,48,False
2015-11-27,2015,4,11,November,27,4,Friday,48,False
2015-11-28,2015,4,11,November,28,5,Saturday,48,True
2015-11-29,2015,4,11,November,29,6,Sunday,48,True
2015-11-30,2015,4,11,November,30,0,Monday,49,False
2015-12-01,2015,4,12,December,1,1,Tuesday,49,False
2015-12-02,2015,4,12,December,2,2,Wednesday,49,False
2015-12-03,2015,4,12,December,3,3,Thursday,49,False
2015-12-04,2015,4,12,December,4,4,Friday,49,False
2015-12-05,2015,4,12,December,5,5,Saturday,49,True
2015-12-06,2015,4,12,December,6,6,Sunday,49,True
2015-12-07,2015,4,12,December,7,0,Monday,50,False
2015-12-08,2015,4,12,December,8,1,Tuesday,50,False
2015-12-09,2015,4,12,December,9,2,Wednesday,50,False
2015-12-10,2015,4,12,December,10,3,Thursday,50,False
2015-12-11,2015,4,12,December,11,4,Friday,50,False
2015-12-12,2015,4,12,December,12,5,Saturday,50,True
2015-12-13,2015,4,12,December,13,6,Sunday,50,True
2015-12-14,2015,4,12,December,14,0,Monday,51,False
2015-12-15,2015,4,12,December,15,1,Tuesday,51,False
2015-12-16,2015,4,12,December,16,2,Wednesday,51,False
2015-12-17,2015,4,12,December,17,3,Thursday,51,False
2015-12-18,2015,4,12,December,18,4,Friday,51,False
2015-12-19,2015,4,12,December,19,5,Saturday,51,True
2015-12-20,2015,4,12,December,20,6,Sunday,51,True
2015-12-21,2015,4,12,December,21,0,Monday,52,False
2015-12-22,2015,4,12,December,22,1,Tuesday,52,False
2015-12-23,2015,4,12,December,23,2,Wednesday,52,False
2015-12-24,2015,4,12,December,24,3,Thursday,52,False
2015-12-25,2015,4,12,December,25,4,Friday,52,False
2015-12-26,2015,4,12,December,26,5,Saturday,52,True
2015-12-27,2015,4,12,December,27,6,Sunday,52,True
2015-12-28,2015,4,12,December,28,0,Monday,53,False
2015-12-29,2015,4,12,December,29,1,Tuesday,53,False
2015-12-30,2015,4,12,December,30,2,Wednesday,53,False
2015-12-31,2015,4,12,December,31,3,Thursday,53,False
2016-01-01,2016,1,1,January,1,4,Friday,53,False
2016-01-02,2016,1,1,January,2,5,Saturday,53,True
2016-01-03,2016,1,1,January,3,6,Sunday,53,True
2016-01-04,2016,1,1,January,4,0,Monday,1,False
2016-01-05,2016,1,1,January,5,1,Tuesday,1,False
2016-01-06,2016,1,1,January,6,2,Wednesday,1,False
2016-01-07,2016,1,1,January,7,3,Thursday,1,False
2016-01-08,2016,1,1,January,8,4,Friday,1,False
2016-01-09,2016,1,1,January,9,5,Saturday,1,True
2016-01-10,2016,1,1,January,10,6,Sunday,1,True
2016-01-11,2016,1,1,January,11,0,Monday,2,False
2016-01-12,2016,1,1,January,12,1,Tuesday,2,False
2016-01-13,2016,1,1,January,13,2,Wednesday,2,False
2016-01-14,2016,1,1,January,14,3,Thursday,2,False
2016-01-15,2016,1,1,January,15,4,Friday,2,False
2016-01-16,2016,1,1,January,16,5,Saturday,2,True
2016-01-17,2016,1,1,January,17,6,Sunday,2,True
2016-01-18,2016,1,1,January,18,0,Monday,3,False
2016-01-19,2016,1,1,January,19,1,Tuesday,3,False
2016-01-20,2016,1,1,January,20,2,Wednesday,3,False
2016-01-21,2016,1,1,January,21,3,Thursday,3,False
2016-01-22,2016,1,1,January,22,4,Friday,3,False
2016-01-23,2016,1,1,January,23,5,Saturday,3,True
2016-01-24,2016,1,1,January,24,6,Sunday,3,True
2016-01-25,2016,1,1,January,25,0,Monday,4,False
2016-01-26,2016,1,1,January,26,1,Tuesday,4,False
2016-01-27,2016,1,1,January,27,2,Wednesday,4,False
2016-01-28,2016,1,1,January,28,3,Thursday,4,False
2016-01-29,2016,1,1,January,29,4,Friday,4,False
2016-01-30,2016,1,1,January,30,5,Saturday,4,True
2016-01-31,2016,1,1,January,31,6,Sunday,4,True
2016-02-01,2016,1,2,February,1,0,Monday,5,False
2016-02-02,2016,1,2,February,2,1,Tuesday,5,False
2016-02-03,2016,1,2,February,3,2,Wednesday,5,False
2016-02-04,2016,1,2,February,4,3,Thursday,5,False
2016-02-05,2016,1,2,February,5,4,Friday,5,False
2016-02-06,2016,1,2,February,6,5,Saturday,5,True
2016-02-07,2016,1,2,February,7,6,Sunday,5,True
2016-02-08,2016,1,2,February,8,0,Monday,6,False
2016-02-09,2016,1,2,February,9,1,Tuesday,6,False
2016-02-10,2016,1,2,February,10,2,Wednesday,6,False
2016-02-11,2016,1,2,February,11,3,Thursday,6,False
2016-02-12,2016,1,2,February,12,4,Friday,6,False
2016-02-13,2016,1,2,February,13,5,Saturday,6,True
2016-02-14,2016,1,2,February,14,6,Sunday,6,True
2016-02-15,2016,1,2,February,15,0,Monday,7,False
2016-02-16,2016,1,2,February,16,1,Tuesday,7,False
2016-02-17,2016,1,2,February,17,2,Wednesday,7,False
2016-02-18,2016,1,2,February,18,3,Thursday,7,False
2016-02-19,2016,1,2,February,19,4,Friday,7,False
2016-02-20,2016,1,2,February,20,5,Saturday,7,True
2016-02-21,2016,1,2,February,21,6,Sunday,7,True
2016-02-22,2016,1,2,February,22,0,Monday,8,False
2016-02-23,2016,1,2,February,23,1,Tuesday,8,False
2016-02-24,2016,1,2,February,24,2,Wednesday,8,False
2016-02-25,2016,1,2,February,25,3,Thursday,8,False
2016-02-26,2016,1,2,February,26,4,Friday,8,False
2016-02-27,2016,1,2,February,27,5,Saturday,8,True
2016-02-28,2016,1,2,February,28,6,Sunday,8,True
2016-02-29,2016,1,2,February,29,0,Monday,9,False
2016-03-01,2016,1,3,March,1,1,Tuesday,9,False
2016-03-02,2016,1,3,March,2,2,Wednesday,9,False
2016-03-03,2016,1,3,March,3,3,Thursday,9,False
2016-03-04,2016,1,3,March,4,4,Friday,9,False
2016-03-05,2016,1,3,March,5,5,Saturday,9,True
2016-03-06,2016,1,3,March,6,6,Sunday,9,True
2016-03-07,2016,1,3,March,7,0,Monday,10,False
2016-03-08,2016,1,3,March,8,1,Tuesday,10,False
2016-03-09,2016,1,3,March,9,2,Wednesday,10,False
2016-03-10,2016,1,3,March,10,3,Thursday,10,False
2016-03-11,2016,1,3,March,11,4,Friday,10,False
2016-03-12,2016,1,3,March,12,5,Saturday,10,True
2016-03-13,2016,1,3,March,13,6,Sunday,10,True
2016-03-14,2016,1,3,March,14,0,Monday,11,False
2016-03-15,2016,1,3,March,15,1,Tuesday,11,False
2016-03-16,2016,1,3,March,16,2,Wednesday,11,False
2016-03-17,2016,1,3,March,17,3,Thursday,11,False
2016-03-18,2016,1,3,March,18,4,Friday,11,False
2016-03-19,2016,1,3,March,19,5,Saturday,11,True
2016-03-20,2016,1,3,March,20,6,Sunday,11,True
2016-03-21,2016,1,3,March,21,0,Monday,12,False
2016-03-22,2016,1,3,March,22,1,Tuesday,12,False
2016-03-23,2016,1,3,March,23,2,Wednesday,12,False
2016-03-24,2016,1,3,March,24,3,Thursday,12,False
2016-03-25,2016,1,3,March,25,4,Friday,12,False
2016-03-26,2016,1,3,March,26,5,Saturday,12,True
2016-03-27,2016,1,3,March,27,6,Sunday,12,True
2016-03-28,2016,1,3,March,28,0,Monday,13,False
2016-03-29,2016,1,3,March,29,1,Tuesday,13,False
2016-03-30,2016,1,3,March,30,2,Wednesday,13,False
2016-03-31,2016,1,3,March,31,3,Thursday,13,False
2016-04-01,2016,2,4,April,1,4,Friday,13,False
2016-04-02,2016,2,4,April,2,5,Saturday,13,True
2016-04-03,2016,2,4,April,3,6,Sunday,13,True
2016-04-04,2016,2,4,April,4,0,Monday,14,False
2016-04-05,2016,2,4,April,5,1,Tuesday,14,False
2016-04-06,2016,2,4,April,6,2,Wednesday,14,False
2016-04-07,2016,2,4,April,7,3,Thursday,14,False
2016-04-08,2016,2,4,April,8,4,Friday,14,False
2016-04-09,2016,2,4,April,9,5,Saturday,14,True
2016-04-10,2016,2,4,April,10,6,Sunday,14,True
2016-04-11,2016,2,4,April,11,0,Monday,15,False
2016-04-12,2016,2,4,April,12,1,Tuesday,15,False
2016-04-13,2016,2,4,April,13,2,Wednesday,15,False
2016-04-14,2016,2,4,April,14,3,Thursday,15,False
2016-04-15,2016,2,4,April,15,4,Friday,15,False
2016-04-16,2016,2,4,April,16,5,Saturday,15,True
2016-04-17,2016,2,4,April,17,6,Sunday,15,True
2016-04-18,2016,2,4,April,18,0,Monday,16,False
2016-04-19,2016,2,4,April,19,1,Tuesday,16,False
2016-04-20,2016,2,4,April,20,2,Wednesday,16,False
2016-04-21,2016,2,4,April,21,3,Thursday,16,False
2016-04-22,2016,2,4,April,22,4,Friday,16,False
2016-04-23,2016,2,4,April,23,5,Saturday,16,True
2016-04-24,2016,2,4,April,24,6,Sunday,16,True
2016-04-25,2016,2,4,April,25,0,Monday,17,False
2016-04-26,2016,2,4,April,26,1,Tuesday,17,False
2016-04-27,2016,2,4,April,27,2,Wednesday,17,False
2016-04-28,2016,2,4,April,28,3,Thursday,17,False
2016-04-29,2016,2,4,April,29,4,Friday,17,False
2016-04-30,2016,2,4,April,30,5,Saturday,17,True
2016-05-01,2016,2,5,May,1,6,Sunday,17,True
2016-05-02,2016,2,5,May,2,0,Monday,18,False
2016-05-03,2016,2,5,May,3,1,Tuesday,18,False
2016-05-04,2016,2,5,May,4,2,Wednesday,18,False
2016-05-05,2016,2,5,May,5,3,Thursday,18,False
2016-05-06,2016,2,5,May,6,4,Friday,18,False
2016-05-07,2016,2,5,May,7,5,Saturday,18,True
2016-05-08,2016,2,5,May,8,6,Sunday,18,True
2016-05-09,2016,2,5,May,9,0,Monday,19,False
2016-05-10,2016,2,5,May,10,1,Tuesday,19,False
2016-05-11,2016,2,5,May,11,2,Wednesday,19,False
2016-05-12,2016,2,5,May,12,3,Thursday,19,False
2016-05-13,2016,2,5,May,13,4,Friday,19,False
2016-05-14,2016,2,5,May,14,5,Saturday,19,True
2016-05-15,2016,2,5,May,15,6,Sunday,19,True
2016-05-16,2016,2,5,May,16,0,Monday,20,False
2016-05-17,2016,2,5,May,17,1,Tuesday,20,False
2016-05-18,2016,2,5,May,18,2,Wednesday,20,False
2016-05-19,2016,2,5,May,19,3,Thursday,20,False
2016-05-20,2016,2,5,May,20,4,Friday,20,False
2016-05-21,2016,2,5,May,21,5,Saturday,20,True
2016-05-22,2016,2,5,May,22,6,Sunday,20,True
2016-05-23,2016,2,5,May,23,0,Monday,21,False
2016-05-24,2016,2,5,May,24,1,Tuesday,21,False
2016-05-25,2016,2,5,May,25,2,Wednesday,21,False
2016-05-26,2016,2,5,May,26,3,Thursday,21,False
2016-05-27,2016,2,5,May,27,4,Friday,21,False
2016-05-28,2016,2,5,May,28,5,Saturday,21,True
2016-05-29,2016,2,5,May,29,6,Sunday,21,True
2016-05-30,2016,2,5,May,30,0,Monday,22,False
2016-05-31,2016,2,5,May,31,1,Tuesday,22,False
2016-06-01,2016,2,6,June,1,2,Wednesday,22,False
2016-06-02,2016,2,6,June,2,3,Thursday,22,False
2016-06-03,2016,2,6,June,3,4,Friday,22,False
2016-06-04,2016,2,6,June,4,5,Saturday,22,True
2016-06-05,2016,2,6,June,5,6,Sunday,22,True
2016-06-06,2016,2,6,June,6,0,Monday,23,False
2016-06-07,2016,2,6,June,7,1,Tuesday,23,False
2016-06-08,2016,2,6,June,8,2,Wednesday,23,False
2016-06-09,2016,2,6,June,9,3,Thursday,23,False
2016-06-10,2016,2,6,June,10,4,Friday,23,False
2016-06-11,2016,2,6,June,11,5,Saturday,23,True
2016-06-12,2016,2,6,June,12,6,Sunday,23,True
2016-06-13,2016,2,6,June,13,0,Monday,24,False
2016-06-14,2016,2,6,June,14,1,Tuesday,24,False
2016-06-15,2016,2,6,June,15,2,Wednesday,24,False
2016-06-16,2016,2,6,June,16,3,Thursday,24,False
2016-06-17,2016,2,6,June,17,4,Friday,24,False
2016-06-18,2016,2,6,June,18,5,Saturday,24,True
2016-06-19,2016,2,6,June,19,6,Sunday,24,True
2016-06-20,2016,2,6,June,20,0,Monday,25,False
2016-06-21,2016,2,6,June,21,1,Tuesday,25,False
2016-06-22,2016,2,6,June,22,2,Wednesday,25,False
2016-06-23,2016,2,6,June,23,3,Thursday,25,False
2016-06-24,2016,2,6,June,24,4,Friday,25,False
2016-06-25,2016,2,6,June,25,5,Saturday,25,True
2016-06-26,2016,2,6,June,26,6,Sunday,25,True
2016-06-27,2016,2,6,June,27,0,Monday,26,False
2016-06-28,2016,2,6,June,28,1,Tuesday,26,False
2016-06-29,2016,2,6,June,29,2,Wednesday,26,False
2016-06-30,2016,2,6,June,30,3,Thursday,26,False
2016-07-01,2016,3,7,July,1,4,Friday,26,False
2016-07-02,2016,3,7,July,2,5,Saturday,26,True
2016-07-03,2016,3,7,July,3,6,Sunday,26,True
2016-07-04,2016,3,7,July,4,0,Monday,27,False
2016-07-05,2016,3,7,July,5,1,Tuesday,27,False
2016-07-06,2016,3,7,July,6,2,Wednesday,27,False
2016-07-07,2016,3,7,July,7,3,Thursday,27,False
2016-07-08,2016,3,7,July,8,4,Friday,27,False
2016-07-09,2016,3,7,July,9,5,Saturday,27,True
2016-07-10,2016,3,7,July,10,6,Sunday,27,True
2016-07-11,2016,3,7,July,11,0,Monday,28,False
2016-07-12,2016,3,7,July,12,1,Tuesday,28,False
2016-07-13,2016,3,7,July,13,2,Wednesday,28,False
2016-07-14,2016,3,7,July,14,3,Thursday,28,False
2016-07-15,2016,3,7,July,15,4,Friday,28,False
2016-07-16,2016,3,7,July,16,5,Saturday,28,True
2016-07-17,2016,3,7,July,17,6,Sunday,28,True
2016-07-18,2016,3,7,July,18,0,Monday,29,False
2016-07-19,2016,3,7,July,19,1,Tuesday,29,False
2016-07-20,2016,3,7,July,20,2,Wednesday,29,False
2016-07-21,2016,3,7,July,21,3,Thursday,29,False
2016-07-22,2016,3,7,July,22,4,Friday,29,False
2016-07-23,2016,3,7,July,23,5,Saturday,29,True
2016-07-24,2016,3,7,July,24,6,Sunday,29,True
2016-07-25,2016,3,7,July,25,0,Monday,30,False
2016-07-26,2016,3,7,July,26,1,Tuesday,30,False
2016-07-27,2016,3,7,July,27,2,Wednesday,30,False
2016-07-28,2016,3,7,July,28,3,Thursday,30,False
2016-07-29,2016,3,7,July,29,4,Friday,30,False
2016-07-30,2016,3,7,July,30,5,Saturday,30,True
2016-07-31,2016,3,7,July,31,6,Sunday,30,True
2016-08-01,2016,3,8,August,1,0,Monday,31,False
2016-08-02,2016,3,8,August,2,1,Tuesday,31,False
2016-08-03,2016,3,8,August,3,2,Wednesday,31,False
2016-08-04,2016,3,8,August,4,3,Thursday,31,False
2016-08-05,2016,3,8,August,5,4,Friday,31,False
2016-08-06,2016,3,8,August,6,5,Saturday,31,True
2016-08-07,2016,3,8,August,7,6,Sunday,31,True
2016-08-08,2016,3,8,August,8,0,Monday,32,False
2016-08-09,2016,3,8,August,9,1,Tuesday,32,False
2016-08-10,2016,3,8,August,10,2,Wednesday,32,False
2016-08-11,2016,3,8,August,11,3,Thursday,32,False
2016-08-12,2016,3,8,August,12,4,Friday,32,False
2016-08-13,2016,3,8,August,13,5,Saturday,32,True
2016-08-14,2016,3,8,August,14,6,Sunday,32,True
2016-08-15,2016,3,8,August,15,0,Monday,33,False
2016-08-16,2016,3,8,August,16,1,Tuesday,33,False
2016-08-17,2016,3,8,August,17,2,Wednesday,33,False
2016-08-18,2016,3,8,August,18,3,Thursday,33,False
2016-08-19,2016,3,8,August,19,4,Friday,33,False
2016-08-20,2016,3,8,August,20,5,Saturday,33,True
2016-08-21,2016,3,8,August,21,6,Sunday,33,True
2016-08-22,2016,3,8,August,22,0,Monday,34,False
2016-08-23,2016,3,8,August,23,1,Tuesday,34,False
2016-08-24,2016,3,8,August,24,2,Wednesday,34,False
2016-08-25,2016,3,8,August,25,3,Thursday,34,False
2016-08-26,2016,3,8,August,26,4,Friday,34,False
2016-08-27,2016,3,8,August,27,5,Saturday,34,True
2016-08-28,2016,3,8,August,28,6,Sunday,34,True
2016-08-29,2016,3,8,August,29,0,Monday,35,False
2016-08-30,2016,3,8,August,30,1,Tuesday,35,False
2016-08-31,2016,3,8,August,31,2,Wednesday,35,False
2016-09-01,2016,3,9,September,1,3,Thursday,35,False
2016-09-02,2016,3,9,September,2,4,Friday,35,False
2016-09-03,2016,3,9,September,3,5,Saturday,35,True
2016-09-04,2016,3,9,September,4,6,Sunday,35,True
2016-09-05,2016,3,9,September,5,0,Monday,36,False
2016-09-06,2016,3,9,September,6,1,Tuesday,36,False
2016-09-07,2016,3,9,September,7,2,Wednesday,36,False
2016-09-08,2016,3,9,September,8,3,Thursday,36,False
2016-09-09,2016,3,9,September,9,4,Friday,36,False
2016-09-10,2016,3,9,September,10,5,Saturday,36,True
2016-09-11,2016,3,9,September,11,6,Sunday,36,True
2016-09-12,2016,3,9,September,12,0,Monday,37,False
2016-09-13,2016,3,9,September,13,1,Tuesday,37,False
2016-09-14,2016,3,9,September,14,2,Wednesday,37,False
2016-09-15,2016,3,9,September,15,3,Thursday,37,False
2016-09-16,2016,3,9,September,16,4,Friday,37,False
2016-09-17,2016,3,9,September,17,5,Saturday,37,True
2016-09-18,2016,3,9,September,18,6,Sunday,37,True
2016-09-19,2016,3,9,September,19,0,Monday,38,False
2016-09-20,2016,3,9,September,20,1,Tuesday,38,False
2016-09-21,2016,3,9,September,21,2,Wednesday,38,False
2016-09-22,2016,3,9,September,22,3,Thursday,38,False
2016-09-23,2016,3,9,September,23,4,Friday,38,False
2016-09-24,2016,3,9,September,24,5,Saturday,38,True
2016-09-25,2016,3,9,September,25,6,Sunday,38,True
2016-09-26,2016,3,9,September,26,0,Monday,39,False
2016-09-27,2016,3,9,September,27,1,Tuesday,39,False
2016-09-28,2016,3,9,September,28,2,Wednesday,39,False
2016-09-29,2016,3,9,September,29,3,Thursday,39,False
2016-09-30,2016,3,9,September,30,4,Friday,39,False
2016-10-01,2016,4,10,October,1,5,Saturday,39,True
2016-10-02,2016,4,10,October,2,6,Sunday,39,True
2016-10-03,2016,4,10,October,3,0,Monday,40,False
2016-10-04,2016,4,10,October,4,1,Tuesday,40,False
2016-10-05,2016,4,10,October,5,2,Wednesday,40,False
2016-10-06,2016,4,10,October,6,3,Thursday,40,False
2016-10-07,2016,4,10,October,7,4,Friday,40,False
2016-10-08,2016,4,10,October,8,5,Saturday,40,True
2016-10-09,2016,4,10,October,9,6,Sunday,40,True
2016-10-10,2016,4,10,October,10,0,Monday,41,False
2016-10-11,2016,4,10,October,11,1,Tuesday,41,False
2016-10-12,2016,4,10,October,12,2,Wednesday,41,False
2016-10-13,2016,4,10,October,13,3,Thursday,41,False
2016-10-14,2016,4,10,October,14,4,Friday,41,False
2016-10-15,2016,4,10,October,15,5,Saturday,41,True
2016-10-16,2016,4,10,October,16,6,Sunday,41,True
2016-10-17,2016,4,10,October,17,0,Monday,42,False
2016-10-18,2016,4,10,October,18,1,Tuesday,42,False
2016-10-19,2016,4,10,October,19,2,Wednesday,42,False
2016-10-20,2016,4,10,October,20,3,Thursday,42,False
2016-10-21,2016,4,10,October,21,4,Friday,42,False
2016-10-22,2016,4,10,October,22,5,Saturday,42,True
2016-10-23,2016,4,10,October,23,6,Sunday,42,True
2016-10-24,2016,4,10,October,24,0,Monday,43,False
2016-10-25,2016,4,10,October,25,1,Tuesday,43,False
2016-10-26,2016,4,10,October,26,2,Wednesday,43,False
2016-10-27,2016,4,10,October,27,3,Thursday,43,False
2016-10-28,2016,4,10,October,28,4,Friday,43,False
2016-10-29,2016,4,10,October,29,5,Saturday,43,True
2016-10-30,2016,4,10,October,30,6,Sunday,43,True
2016-10-31,2016,4,10,October,31,0,Monday,44,False
2016-11-01,2016,4,11,November,1,1,Tuesday,44,False
2016-11-02,2016,4,11,November,2,2,Wednesday,44,False
2016-11-03,2016,4,11,November,3,3,Thursday,44,False
2016-11-04,2016,4,11,November,4,4,Friday,44,False
2016-11-05,2016,4,11,November,5,5,Saturday,44,True
2016-11-06,2016,4,11,November,6,6,Sunday,44,True
2016-11-07,2016,4,11,November,7,0,Monday,45,False
2016-11-08,2016,4,11,November,8,1,Tuesday,45,False
2016-11-09,2016,4,11,November,9,2,Wednesday,45,False
2016-11-10,2016,4,11,November,10,3,Thursday,45,False
2016-11-11,2016,4,11,November,11,4,Friday,45,False
2016-11-12,2016,4,11,November,12,5,Saturday,45,True
2016-11-13,2016,4,11,November,13,6,Sunday,45,True
2016-11-14,2016,4,11,November,14,0,Monday,46,False
2016-11-15,2016,4,11,November,15,1,Tuesday,46,False
2016-11-16,2016,4,11,November,16,2,Wednesday,46,False
2016-11-17,2016,4,11,November,17,3,Thursday,46,False
2016-11-18,2016,4,11,November,18,4,Friday,46,False
2016-11-19,2016,4,11,November,19,5,Saturday,46,True
2016-11-20,2016,4,11,November,20,6,Sunday,46,True
2016-11-21,2016,4,11,November,21,0,Monday,47,False
2016-11-22,2016,4,11,November,22,1,Tuesday,47,False
2016-11-23,2016,4,11,November,23,2,Wednesday,47,False
2016-11-24,2016,4,11,November,24,3,Thursday,47,False
2016-11-25,2016,4,11,November,25,4,Friday,47,False
2016-11-26,2016,4,11,November,26,5,Saturday,47,True
2016-11-27,2016,4,11,November,27,6,Sunday,47,True
2016-11-28,2016,4,11,November,28,0,Monday,48,False
2016-11-29,2016,4,11,November,29,1,Tuesday,48,False
2016-11-30,2016,4,11,November,30,2,Wednesday,48,False
2016-12-01,2016,4,12,December,1,3,Thursday,48,False
2016-12-02,2016,4,12,December,2,4,Friday,48,False
2016-12-03,2016,4,12,December,3,5,Saturday,48,True
2016-12-04,2016,4,12,December,4,6,Sunday,48,True
2016-12-05,2016,4,12,December,5,0,Monday,49,False
2016-12-06,2016,4,12,December,6,1,Tuesday,49,False
2016-12-07,2016,4,12,December,7,2,Wednesday,49,False
2016-12-08,2016,4,12,December,8,3,Thursday,49,False
2016-12-09,2016,4,12,December,9,4,Friday,49,False
2016-12-10,2016,4,12,December,10,5,Saturday,49,True
2016-12-11,2016,4,12,December,11,6,Sunday,49,True
2016-12-12,2016,4,12,December,12,0,Monday,50,False
2016-12-13,2016,4,12,December,13,1,Tuesday,50,False
2016-12-14,2016,4,12,December,14,2,Wednesday,50,False
2016-12-15,2016,4,12,December,15,3,Thursday,50,False
2016-12-16,2016,4,12,December,16,4,Friday,50,False
2016-12-17,2016,4,12,December,17,5,Saturday,50,True
2016-12-18,2016,4,12,December,18,6,Sunday,50,True
2016-12-19,2016,4,12,December,19,0,Monday,51,False
2016-12-20,2016,4,12,December,20,1,Tuesday,51,False
2016-12-21,2016,4,12,December,21,2,Wednesday,51,False
2016-12-22,2016,4,12,December,22,3,Thursday,51,False
2016-12-23,2016,4,12,December,23,4,Friday,51,False
2016-12-24,2016,4,12,December,24,5,Saturday,51,True
2016-12-25,2016,4,12,December,25,6,Sunday,51,True
2016-12-26,2016,4,12,December,26,0,Monday,52,False
2016-12-27,2016,4,12,December,27,1,Tuesday,52,False
2016-12-28,2016,4,12,December,28,2,Wednesday,52,False
2016-12-29,2016,4,12,December,29,3,Thursday,52,False
2016-12-30,2016,4,12,December,30,4,Friday,52,False
2016-12-31,2016,4,12,December,31,5,Saturday,52,True
2017-01-01,2017,1,1,January,1,6,Sunday,52,True
2017-01-02,2017,1,1,January,2,0,Monday,1,False
2017-01-03,2017,1,1,January,3,1,Tuesday,1,False
2017-01-04,2017,1,1,January,4,2,Wednesday,1,False
2017-01-05,2017,1,1,January,5,3,Thursday,1,False
2017-01-06,2017,1,1,January,6,4,Friday,1,False
2017-01-07,2017,1,1,January,7,5,Saturday,1,True
2017-01-08,2017,1,1,January,8,6,Sunday,1,True
2017-01-09,2017,1,1,January,9,0,Monday,2,False
2017-01-10,2017,1,1,January,10,1,Tuesday,2,False
2017-01-11,2017,1,1,January,11,2,Wednesday,2,False
2017-01-12,2017,1,1,January,12,3,Thursday,2,False
2017-01-13,2017,1,1,January,13,4,Friday,2,False
2017-01-14,2017,1,1,January,14,5,Saturday,2,True
2017-01-15,2017,1,1,January,15,6,Sunday,2,True
2017-01-16,2017,1,1,January,16,0,Monday,3,False
2017-01-17,2017,1,1,January,17,1,Tuesday,3,False
2017-01-18,2017,1,1,January,18,2,Wednesday,3,False
2017-01-19,2017,1,1,January,19,3,Thursday,3,False
2017-01-20,2017,1,1,January,20,4,Friday,3,False
2017-01-21,2017,1,1,January,21,5,Saturday,3,True
2017-01-22,2017,1,1,January,22,6,Sunday,3,True
2017-01-23,2017,1,1,January,23,0,Monday,4,False
2017-01-24,2017,1,1,January,24,1,Tuesday,4,False
2017-01-25,2017,1,1,January,25,2,Wednesday,4,False
2017-01-26,2017,1,1,January,26,3,Thursday,4,False
2017-01-27,2017,1,1,January,27,4,Friday,4,False
2017-01-28,2017,1,1,January,28,5,Saturday,4,True
2017-01-29,2017,1,1,January,29,6,Sunday,4,True
2017-01-30,2017,1,1,January,30,0,Monday,5,False
2017-01-31,2017,1,1,January,31,1,Tuesday,5,False
2017-02-01,2017,1,2,February,1,2,Wednesday,5,False
2017-02-02,2017,1,2,February,2,3,Thursday,5,False
2017-02-03,2017,1,2,February,3,4,Friday,5,False
2017-02-04,2017,1,2,February,4,5,Saturday,5,True
2017-02-05,2017,1,2,February,5,6,Sunday,5,True
2017-02-06,2017,1,2,February,6,0,Monday,6,False
2017-02-07,2017,1,2,February,7,1,Tuesday,6,False
2017-02-08,2017,1,2,February,8,2,Wednesday,6,False
2017-02-09,2017,1,2,February,9,3,Thursday,6,False
2017-02-10,2017,1,2,February,10,4,Friday,6,False
2017-02-11,2017,1,2,February,11,5,Saturday,6,True
2017-02-12,2017,1,2,February,12,6,Sunday,6,True
2017-02-13,2017,1,2,February,13,0,Monday,7,False
2017-02-14,2017,1,2,February,14,1,Tuesday,7,False
2017-02-15,2017,1,2,February,15,2,Wednesday,7,False
2017-02-16,2017,1,2,February,16,3,Thursday,7,False
2017-02-17,2017,1,2,February,17,4,Friday,7,False
2017-02-18,2017,1,2,February,18,5,Saturday,7,True
2017-02-19,2017,1,2,February,19,6,Sunday,7,True
2017-02-20,2017,1,2,February,20,0,Monday,8,False
2017-02-21,2017,1,2,February,21,1,Tuesday,8,False
2017-02-22,2017,1,2,February,22,2,Wednesday,8,False
2017-02-23,2017,1,2,February,23,3,Thursday,8,False
2017-02-24,2017,1,2,February,24,4,Friday,8,False
2017-02-25,2017,1,2,February,25,5,Saturday,8,True
2017-02-26,2017,1,2,February,26,6,Sunday,8,True
2017-02-27,2017,1,2,February,27,0,Monday,9,False
2017-02-28,2017,1,2,February,28,1,Tuesday,9,False
2017-03-01,2017,1,3,March,1,2,Wednesday,9,False
2017-03-02,2017,1,3,March,2,3,Thursday,9,False
2017-03-03,2017,1,3,March,3,4,Friday,9,False
2017-03-04,2017,1,3,March,4,5,Saturday,9,True
2017-03-05,2017,1,3,March,5,6,Sunday,9,True
2017-03-06,2017,1,3,March,6,0,Monday,10,False
2017-03-07,2017,1,3,March,7,1,Tuesday,10,False
2017-03-08,2017,1,3,March,8,2,Wednesday,10,False
2017-03-09,2017,1,3,March,9,3,Thursday,10,False
2017-03-10,2017,1,3,March,10,4,Friday,10,False
2017-03-11,2017,1,3,March,11,5,Saturday,10,True
2017-03-12,2017,1,3,March,12,6,Sunday,10,True
2017-03-13,2017,1,3,March,13,0,Monday,11,False
2017-03-14,2017,1,3,March,14,1,Tuesday,11,False
2017-03-15,2017,1,3,March,15,2,Wednesday,11,False
2017-03-16,2017,1,3,March,16,3,Thursday,11,False
2017-03-17,2017,1,3,March,17,4,Friday,11,False
2017-03-18,2017,1,3,March,18,5,Saturday,11,True
2017-03-19,2017,1,3,March,19,6,Sunday,11,True
2017-03-20,2017,1,3,March,20,0,Monday,12,False
2017-03-21,2017,1,3,March,21,1,Tuesday,12,False
2017-03-22,2017,1,3,March,22,2,Wednesday,12,False
2017-03-23,2017,1,3,March,23,3,Thursday,12,False
2017-03-24,2017,1,3,March,24,4,Friday,12,False
2017-03-25,2017,1,3,March,25,5,Saturday,12,True
2017-03-26,2017,1,3,March,26,6,Sunday,12,True
2017-03-27,2017,1,3,March,27,0,Monday,13,False
2017-03-28,2017,1,3,March,28,1,Tuesday,13,False
2017-03-29,2017,1,3,March,29,2,Wednesday,13,False
2017-03-30,2017,1,3,March,30,3,Thursday,13,False
2017-03-31,2017,1,3,March,31,4,Friday,13,False
2017-04-01,2017,2,4,April,1,5,Saturday,13,True
2017-04-02,2017,2,4,April,2,6,Sunday,13,True
2017-04-03,2017,2,4,April,3,0,Monday,14,False
2017-04-04,2017,2,4,April,4,1,Tuesday,14,False
2017-04-05,2017,2,4,April,5,2,Wednesday,14,False
2017-04-06,2017,2,4,April,6,3,Thursday,14,False
2017-04-07,2017,2,4,April,7,4,Friday,14,False
2017-04-08,2017,2,4,April,8,5,Saturday,14,True
2017-04-09,2017,2,4,April,9,6,Sunday,14,True
2017-04-10,2017,2,4,April,10,0,Monday,15,False
2017-04-11,2017,2,4,April,11,1,Tuesday,15,False
2017-04-12,2017,2,4,April,12,2,Wednesday,15,False
2017-04-13,2017,2,4,April,13,3,Thursday,15,False
2017-04-14,2017,2,4,April,14,4,Friday,15,False
2017-04-15,2017,2,4,April,15,5,Saturday,15,True
2017-04-16,2017,2,4,April,16,6,Sunday,15,True
2017-04-17,2017,2,4,April,17,0,Monday,16,False
2017-04-18,2017,2,4,April,18,1,Tuesday,16,False
2017-04-19,2017,2,4,April,19,2,Wednesday,16,False
2017-04-20,2017,2,4,April,20,3,Thursday,16,False
2017-04-21,2017,2,4,April,21,4,Friday,16,False
2017-04-22,2017,2,4,April,22,5,Saturday,16,True
2017-04-23,2017,2,4,April,23,6,Sunday,16,True
2017-04-24,2017,2,4,April,24,0,Monday,17,False
2017-04-25,2017,2,4,April,25,1,Tuesday,17,False
2017-04-26,2017,2,4,April,26,2,Wednesday,17,False
2017-04-27,2017,2,4,April,27,3,Thursday,17,False
2017-04-28,2017,2,4,April,28,4,Friday,17,False
2017-04-29,2017,2,4,April,29,5,Saturday,17,True
2017-04-30,2017,2,4,April,30,6,Sunday,17,True
2017-05-01,2017,2,5,May,1,0,Monday,18,False
2017-05-02,2017,2,5,May,2,1,Tuesday,18,False
2017-05-03,2017,2,5,May,3,2,Wednesday,18,False
2017-05-04,2017,2,5,May,4,3,Thursday,18,False
2017-05-05,2017,2,5,May,5,4,Friday,18,False
2017-05-06,2017,2,5,May,6,5,Saturday,18,True
2017-05-07,2017,2,5,May,7,6,Sunday,18,True
2017-05-08,2017,2,5,May,8,0,Monday,19,False
2017-05-09,2017,2,5,May,9,1,Tuesday,19,False
2017-05-10,2017,2,5,May,10,2,Wednesday,19,False
2017-05-11,2017,2,5,May,11,3,Thursday,19,False
2017-05-12,2017,2,5,May,12,4,Friday,19,False
2017-05-13,2017,2,5,May,13,5,Saturday,19,True
2017-05-14,2017,2,5,May,14,6,Sunday,19,True
2017-05-15,2017,2,5,May,15,0,Monday,20,False
2017-05-16,2017,2,5,May,16,1,Tuesday,20,False
2017-05-17,2017,2,5,May,17,2,Wednesday,20,False
2017-05-18,2017,2,5,May,18,3,Thursday,20,False
2017-05-19,2017,2,5,May,19,4,Friday,20,False
2017-05-20,2017,2,5,May,20,5,Saturday,20,True
2017-05-21,2017,2,5,May,21,6,Sunday,20,True
2017-05-22,2017,2,5,May,22,0,Monday,21,False
2017-05-23,2017,2,5,May,23,1,Tuesday,21,False
2017-05-24,2017,2,5,May,24,2,Wednesday,21,False
2017-05-25,2017,2,5,May,25,3,Thursday,21,False
2017-05-26,2017,2,5,May,26,4,Friday,21,False
2017-05-27,2017,2,5,May,27,5,Saturday,21,True
2017-05-28,2017,2,5,May,28,6,Sunday,21,True
2017-05-29,2017,2,5,May,29,0,Monday,22,False
2017-05-30,2017,2,5,May,30,1,Tuesday,22,False
2017-05-31,2017,2,5,May,31,2,Wednesday,22,False
2017-06-01,2017,2,6,June,1,3,Thursday,22,False
2017-06-02,2017,2,6,June,2,4,Friday,22,False
2017-06-03,2017,2,6,June,3,5,Saturday,22,True
2017-06-04,2017,2,6,June,4,6,Sunday,22,True
2017-06-05,2017,2,6,June,5,0,Monday,23,False
2017-06-06,2017,2,6,June,6,1,Tuesday,23,False
2017-06-07,2017,2,6,June,7,2,Wednesday,23,False
2017-06-08,2017,2,6,June,8,3,Thursday,23,False
2017-06-09,2017,2,6,June,9,4,Friday,23,False
2017-06-10,2017,2,6,June,10,5,Saturday,23,True
2017-06-11,2017,2,6,June,11,6,Sunday,23,True
2017-06-12,2017,2,6,June,12,0,Monday,24,False
2017-06-13,2017,2,6,June,13,1,Tuesday,24,False
2017-06-14,2017,2,6,June,14,2,Wednesday,24,False
2017-06-15,2017,2,6,June,15,3,Thursday,24,False
2017-06-16,2017,2,6,June,16,4,Friday,24,False
2017-06-17,2017,2,6,June,17,5,Saturday,24,True
2017-06-18,2017,2,6,June,18,6,Sunday,24,True
2017-06-19,2017,2,6,June,19,0,Monday,25,False
2017-06-20,2017,2,6,June,20,1,Tuesday,25,False
2017-06-21,2017,2,6,June,21,2,Wednesday,25,False
2017-06-22,2017,2,6,June,22,3,Thursday,25,False
2017-06-23,2017,2,6,June,23,4,Friday,25,False
2017-06-24,2017,2,6,June,24,5,Saturday,25,True
2017-06-25,2017,2,6,June,25,6,Sunday,25,True
2017-06-26,2017,2,6,June,26,0,Monday,26,False
2017-06-27,2017,2,6,June,27,1,Tuesday,26,False
2017-06-28,2017,2,6,June,28,2,Wednesday,26,False
2017-06-29,2017,2,6,June,29,3,Thursday,26,False
2017-06-30,2017,2,6,June,30,4,Friday,26,False
2017-07-01,2017,3,7,July,1,5,Saturday,26,True
2017-07-02,2017,3,7,July,2,6,Sunday,26,True
2017-07-03,2017,3,7,July,3,0,Monday,27,False
2017-07-04,2017,3,7,July,4,1,Tuesday,27,False
2017-07-05,2017,3,7,July,5,2,Wednesday,27,False
2017-07-06,2017,3,7,July,6,3,Thursday,27,False
2017-07-07,2017,3,7,July,7,4,Friday,27,False
2017-07-08,2017,3,7,July,8,5,Saturday,27,True
2017-07-09,2017,3,7,July,9,6,Sunday,27,True
2017-07-10,2017,3,7,July,10,0,Monday,28,False
2017-07-11,2017,3,7,July,11,1,Tuesday,28,False
2017-07-12,2017,3,7,July,12,2,Wednesday,28,False
2017-07-13,2017,3,7,July,13,3,Thursday,28,False
2017-07-14,2017,3,7,July,14,4,Friday,28,False
2017-07-15,2017,3,7,July,15,5,Saturday,28,True
2017-07-16,2017,3,7,July,16,6,Sunday,28,True
2017-07-17,2017,3,7,July,17,0,Monday,29,False
2017-07-18,2017,3,7,July,18,1,Tuesday,29,False
2017-07-19,2017,3,7,July,19,2,Wednesday,29,False
2017-07-20,2017,3,7,July,20,3,Thursday,29,False
2017-07-21,2017,3,7,July,21,4,Friday,29,False
2017-07-22,2017,3,7,July,22,5,Saturday,29,True
2017-07-23,2017,3,7,July,23,6,Sunday,29,True
2017-07-24,2017,3,7,July,24,0,Monday,30,False
2017-07-25,2017,3,7,July,25,1,Tuesday,30,False
2017-07-26,2017,3,7,July,26,2,Wednesday,30,False
2017-07-27,2017,3,7,July,27,3,Thursday,30,False
2017-07-28,2017,3,7,July,28,4,Friday,30,False
2017-07-29,2017,3,7,July,29,5,Saturday,30,True
2017-07-30,2017,3,7,July,30,6,Sunday,30,True
2017-07-31,2017,3,7,July,31,0,Monday,31,False
2017-08-01,2017,3,8,August,1,1,Tuesday,31,False
2017-08-02,2017,3,8,August,2,2,Wednesday,31,False
2017-08-03,2017,3,8,August,3,3,Thursday,31,False
2017-08-04,2017,3,8,August,4,4,Friday,31,False
2017-08-05,2017,3,8,August,5,5,Saturday,31,True
2017-08-06,2017,3,8,August,6,6,Sunday,31,True
2017-08-07,2017,3,8,August,7,0,Monday,32,False
2017-08-08,2017,3,8,August,8,1,Tuesday,32,False
2017-08-09,2017,3,8,August,9,2,Wednesday,32,False
2017-08-10,2017,3,8,August,10,3,Thursday,32,False
2017-08-11,2017,3,8,August,11,4,Friday,32,False
2017-08-12,2017,3,8,August,12,5,Saturday,32,True
2017-08-13,2017,3,8,August,13,6,Sunday,32,True
2017-08-14,2017,3,8,August,14,0,Monday,33,False
2017-08-15,2017,3,8,August,15,1,Tuesday,33,False
2017-08-16,2017,3,8,August,16,2,Wednesday,33,False
2017-08-17,2017,3,8,August,17,3,Thursday,33,False
2017-08-18,2017,3,8,August,18,4,Friday,33,False
2017-08-19,2017,3,8,August,19,5,Saturday,33,True
2017-08-20,2017,3,8,August,20,6,Sunday,33,True
2017-08-21,2017,3,8,August,21,0,Monday,34,False
2017-08-22,2017,3,8,August,22,1,Tuesday,34,False
2017-08-23,2017,3,8,August,23,2,Wednesday,34,False
2017-08-24,2017,3,8,August,24,3,Thursday,34,False
2017-08-25,2017,3,8,August,25,4,Friday,34,False
2017-08-26,2017,3,8,August,26,5,Saturday,34,True
2017-08-27,2017,3,8,August,27,6,Sunday,34,True
2017-08-28,2017,3,8,August,28,0,Monday,35,False
2017-08-29,2017,3,8,August,29,1,Tuesday,35,False
2017-08-30,2017,3,8,August,30,2,Wednesday,35,False
2017-08-31,2017,3,8,August,31,3,Thursday,35,False
2017-09-01,2017,3,9,September,1,4,Friday,35,False
2017-09-02,2017,3,9,September,2,5,Saturday,35,True
2017-09-03,2017,3,9,September,3,6,Sunday,35,True
2017-09-04,2017,3,9,September,4,0,Monday,36,False
2017-09-05,2017,3,9,September,5,1,Tuesday,36,False
2017-09-06,2017,3,9,September,6,2,Wednesday,36,False
2017-09-07,2017,3,9,September,7,3,Thursday,36,False
2017-09-08,2017,3,9,September,8,4,Friday,36,False
2017-09-09,2017,3,9,September,9,5,Saturday,36,True
2017-09-10,2017,3,9,September,10,6,Sunday,36,True
2017-09-11,2017,3,9,September,11,0,Monday,37,False
2017-09-12,2017,3,9,September,12,1,Tuesday,37,False
2017-09-13,2017,3,9,September,13,2,Wednesday,37,False
2017-09-14,2017,3,9,September,14,3,Thursday,37,False
2017-09-15,2017,3,9,September,15,4,Friday,37,False
2017-09-16,2017,3,9,September,16,5,Saturday,37,True
2017-09-17,2017,3,9,September,17,6,Sunday,37,True
2017-09-18,2017,3,9,September,18,0,Monday,38,False
2017-09-19,2017,3,9,September,19,1,Tuesday,38,False
2017-09-20,2017,3,9,September,20,2,Wednesday,38,False
2017-09-21,2017,3,9,September,21,3,Thursday,38,False
2017-09-22,2017,3,9,September,22,4,Friday,38,False
2017-09-23,2017,3,9,September,23,5,Saturday,38,True
2017-09-24,2017,3,9,September,24,6,Sunday,38,True
2017-09-25,2017,3,9,September,25,0,Monday,39,False
2017-09-26,2017,3,9,September,26,1,Tuesday,39,False
2017-09-27,2017,3,9,September,27,2,Wednesday,39,False
2017-09-28,2017,3,9,September,28,3,Thursday,39,False
2017-09-29,2017,3,9,September,29,4,Friday,39,False
2017-09-30,2017,3,9,September,30,5,Saturday,39,True
2017-10-01,2017,4,10,October,1,6,Sunday,39,True
2017-10-02,2017,4,10,October,2,0,Monday,40,False
2017-10-03,2017,4,10,October,3,1,Tuesday,40,False
2017-10-04,2017,4,10,October,4,2,Wednesday,40,False
2017-10-05,2017,4,10,October,5,3,Thursday,40,False
2017-10-06,2017,4,10,October,6,4,Friday,40,False
2017-10-07,2017,4,10,October,7,5,Saturday,40,True
2017-10-08,2017,4,10,October,8,6,Sunday,40,True
2017-10-09,2017,4,10,October,9,0,Monday,41,False
2017-10-10,2017,4,10,October,10,1,Tuesday,41,False
2017-10-11,2017,4,10,October,11,2,Wednesday,41,False
2017-10-12,2017,4,10,October,12,3,Thursday,41,False
2017-10-13,2017,4,10,October,13,4,Friday,41,False
2017-10-14,2017,4,10,October,14,5,Saturday,41,True
2017-10-15,2017,4,10,October,15,6,Sunday,41,True
2017-10-16,2017,4,10,October,16,0,Monday,42,False
2017-10-17,2017,4,10,October,17,1,Tuesday,42,False
2017-10-18,2017,4,10,October,18,2,Wednesday,42,False
2017-10-19,2017,4,10,October,19,3,Thursday,42,False
2017-10-20,2017,4,10,October,20,4,Friday,42,False
2017-10-21,2017,4,10,October,21,5,Saturday,42,True
2017-10-22,2017,4,10,October,22,6,Sunday,42,True
2017-10-23,2017,4,10,October,23,0,Monday,43,False
2017-10-24,2017,4,10,October,24,1,Tuesday,43,False
2017-10-25,2017,4,10,October,25,2,Wednesday,43,False
2017-10-26,2017,4,10,October,26,3,Thursday,43,False
2017-10-27,2017,4,10,October,27,4,Friday,43,False
2017-10-28,2017,4,10,October,28,5,Saturday,43,True
2017-10-29,2017,4,10,October,29,6,Sunday,43,True
2017-10-30,2017,4,10,October,30,0,Monday,44,False
2017-10-31,2017,4,10,October,31,1,Tuesday,44,False
2017-11-01,2017,4,11,November,1,2,Wednesday,44,False
2017-11-02,2017,4,11,November,2,3,Thursday,44,False
2017-11-03,2017,4,11,November,3,4,Friday,44,False
2017-11-04,2017,4,11,November,4,5,Saturday,44,True
2017-11-05,2017,4,11,November,5,6,Sunday,44,True
2017-11-06,2017,4,11,November,6,0,Monday,45,False
2017-11-07,2017,4,11,November,7,1,Tuesday,45,False
2017-11-08,2017,4,11,November,8,2,Wednesday,45,False
2017-11-09,2017,4,11,November,9,3,Thursday,45,False
2017-11-10,2017,4,11,November,10,4,Friday,45,False
2017-11-11,2017,4,11,November,11,5,Saturday,45,True
2017-11-12,2017,4,11,November,12,6,Sunday,45,True
2017-11-13,2017,4,11,November,13,0,Monday,46,False
2017-11-14,2017,4,11,November,14,1,Tuesday,46,False
2017-11-15,2017,4,11,November,15,2,Wednesday,46,False
2017-11-16,2017,4,11,November,16,3,Thursday,46,False
2017-11-17,2017,4,11,November,17,4,Friday,46,False
2017-11-18,2017,4,11,November,18,5,Saturday,46,True
2017-11-19,2017,4,11,November,19,6,Sunday,46,True
2017-11-20,2017,4,11,November,20,0,Monday,47,False
2017-11-21,2017,4,11,November,21,1,Tuesday,47,False
2017-11-22,2017,4,11,November,22,2,Wednesday,47,False
2017-11-23,2017,4,11,November,23,3,Thursday,47,False
2017-11-24,2017,4,11,November,24,4,Friday,47,False
2017-11-25,2017,4,11,November,25,5,Saturday,47,True
2017-11-26,2017,4,11,November,26,6,Sunday,47,True
2017-11-27,2017,4,11,November,27,0,Monday,48,False
2017-11-28,2017,4,11,November,28,1,Tuesday,48,False
2017-11-29,2017,4,11,November,29,2,Wednesday,48,False
2017-11-30,2017,4,11,November,30,3,Thursday,48,False
2017-12-01,2017,4,12,December,1,4,Friday,48,False
2017-12-02,2017,4,12,December,2,5,Saturday,48,True
2017-12-03,2017,4,12,December,3,6,Sunday,48,True
2017-12-04,2017,4,12,December,4,0,Monday,49,False
2017-12-05,2017,4,12,December,5,1,Tuesday,49,False
2017-12-06,2017,4,12,December,6,2,Wednesday,49,False
2017-12-07,2017,4,12,December,7,3,Thursday,49,False
2017-12-08,2017,4,12,December,8,4,Friday,49,False
2017-12-09,2017,4,12,December,9,5,Saturday,49,True
2017-12-10,2017,4,12,December,10,6,Sunday,49,True
2017-12-11,2017,4,12,December,11,0,Monday,50,False
2017-12-12,2017,4,12,December,12,1,Tuesday,50,False
2017-12-13,2017,4,12,December,13,2,Wednesday,50,False
2017-12-14,2017,4,12,December,14,3,Thursday,50,False
2017-12-15,2017,4,12,December,15,4,Friday,50,False
2017-12-16,2017,4,12,December,16,5,Saturday,50,True
2017-12-17,2017,4,12,December,17,6,Sunday,50,True
2017-12-18,2017,4,12,December,18,0,Monday,51,False
2017-12-19,2017,4,12,December,19,1,Tuesday,51,False
2017-12-20,2017,4,12,December,20,2,Wednesday,51,False
2017-12-21,2017,4,12,December,21,3,Thursday,51,False
2017-12-22,2017,4,12,December,22,4,Friday,51,False
2017-12-23,2017,4,12,December,23,5,Saturday,51,True
2017-12-24,2017,4,12,December,24,6,Sunday,51,True
2017-12-25,2017,4,12,December,25,0,Monday,52,False
2017-12-26,2017,4,12,December,26,1,Tuesday,52,False
2017-12-27,2017,4,12,December,27,2,Wednesday,52,False
2017-12-28,2017,4,12,December,28,3,Thursday,52,False
2017-12-29,2017,4,12,December,29,4,Friday,52,False
2017-12-30,2017,4,12,December,30,5,Saturday,52,True
2017-12-31,2017,4,12,December,31,6,Sunday,52,True
2018-01-01,2018,1,1,January,1,0,Monday,1,False
2018-01-02,2018,1,1,January,2,1,Tuesday,1,False
2018-01-03,2018,1,1,January,3,2,Wednesday,1,False
2018-01-04,2018,1,1,January,4,3,Thursday,1,False
2018-01-05,2018,1,1,January,5,4,Friday,1,False
2018-01-06,2018,1,1,January,6,5,Saturday,1,True
2018-01-07,2018,1,1,January,7,6,Sunday,1,True
2018-01-08,2018,1,1,January,8,0,Monday,2,False
2018-01-09,2018,1,1,January,9,1,Tuesday,2,False
2018-01-10,2018,1,1,January,10,2,Wednesday,2,False
2018-01-11,2018,1,1,January,11,3,Thursday,2,False
2018-01-12,2018,1,1,January,12,4,Friday,2,False
2018-01-13,2018,1,1,January,13,5,Saturday,2,True
2018-01-14,2018,1,1,January,14,6,Sunday,2,True
2018-01-15,2018,1,1,January,15,0,Monday,3,False
2018-01-16,2018,1,1,January,16,1,Tuesday,3,False
2018-01-17,2018,1,1,January,17,2,Wednesday,3,False
2018-01-18,2018,1,1,January,18,3,Thursday,3,False
2018-01-19,2018,1,1,January,19,4,Friday,3,False
2018-01-20,2018,1,1,January,20,5,Saturday,3,True
2018-01-21,2018,1,1,January,21,6,Sunday,3,True
2018-01-22,2018,1,1,January,22,0,Monday,4,False
2018-01-23,2018,1,1,January,23,1,Tuesday,4,False
2018-01-24,2018,1,1,January,24,2,Wednesday,4,False
2018-01-25,2018,1,1,January,25,3,Thursday,4,False
2018-01-26,2018,1,1,January,26,4,Friday,4,False
2018-01-27,2018,1,1,January,27,5,Saturday,4,True
2018-01-28,2018,1,1,January,28,6,Sunday,4,True
2018-01-29,2018,1,1,January,29,0,Monday,5,False
2018-01-30,2018,1,1,January,30,1,Tuesday,5,False
2018-01-31,2018,1,1,January,31,2,Wednesday,5,False
2018-02-01,2018,1,2,February,1,3,Thursday,5,False
2018-02-02,2018,1,2,February,2,4,Friday,5,False
2018-02-03,2018,1,2,February,3,5,Saturday,5,True
2018-02-04,2018,1,2,February,4,6,Sunday,5,True
2018-02-05,2018,1,2,February,5,0,Monday,6,False
2018-02-06,2018,1,2,February,6,1,Tuesday,6,False
2018-02-07,2018,1,2,February,7,2,Wednesday,6,False
2018-02-08,2018,1,2,February,8,3,Thursday,6,False
2018-02-09,2018,1,2,February,9,4,Friday,6,False
2018-02-10,2018,1,2,February,10,5,Saturday,6,True
2018-02-11,2018,1,2,February,11,6,Sunday,6,True
2018-02-12,2018,1,2,February,12,0,Monday,7,False
2018-02-13,2018,1,2,February,13,1,Tuesday,7,False
2018-02-14,2018,1,2,February,14,2,Wednesday,7,False
2018-02-15,2018,1,2,February,15,3,Thursday,7,False
2018-02-16,2018,1,2,February,16,4,Friday,7,False
2018-02-17,2018,1,2,February,17,5,Saturday,7,True
2018-02-18,2018,1,2,February,18,6,Sunday,7,True
2018-02-19,2018,1,2,February,19,0,Monday,8,False
2018-02-20,2018,1,2,February,20,1,Tuesday,8,False
2018-02-21,2018,1,2,February,21,2,Wednesday,8,False
2018-02-22,2018,1,2,February,22,3,Thursday,8,False
2018-02-23,2018,1,2,February,23,4,Friday,8,False
2018-02-24,2018,1,2,February,24,5,Saturday,8,True
2018-02-25,2018,1,2,February,25,6,Sunday,8,True
2018-02-26,2018,1,2,February,26,0,Monday,9,False
2018-02-27,2018,1,2,February,27,1,Tuesday,9,False
2018-02-28,2018,1,2,February,28,2,Wednesday,9,False
2018-03-01,2018,1,3,March,1,3,Thursday,9,False
2018-03-02,2018,1,3,March,2,4,Friday,9,False
2018-03-03,2018,1,3,March,3,5,Saturday,9,True
2018-03-04,2018,1,3,March,4,6,Sunday,9,True
2018-03-05,2018,1,3,March,5,0,Monday,10,False
2018-03-06,2018,1,3,March,6,1,Tuesday,10,False
2018-03-07,2018,1,3,March,7,2,Wednesday,10,False
2018-03-08,2018,1,3,March,8,3,Thursday,10,False
2018-03-09,2018,1,3,March,9,4,Friday,10,False
2018-03-10,2018,1,3,March,10,5,Saturday,10,True
2018-03-11,2018,1,3,March,11,6,Sunday,10,True
2018-03-12,2018,1,3,March,12,0,Monday,11,False
2018-03-13,2018,1,3,March,13,1,Tuesday,11,False
2018-03-14,2018,1,3,March,14,2,Wednesday,11,False
2018-03-15,2018,1,3,March,15,3,Thursday,11,False
2018-03-16,2018,1,3,March,16,4,Friday,11,False
2018-03-17,2018,1,3,March,17,5,Saturday,11,True
2018-03-18,2018,1,3,March,18,6,Sunday,11,True
2018-03-19,2018,1,3,March,19,0,Monday,12,False
2018-03-20,2018,1,3,March,20,1,Tuesday,12,False
2018-03-21,2018,1,3,March,21,2,Wednesday,12,False
2018-03-22,2018,1,3,March,22,3,Thursday,12,False
2018-03-23,2018,1,3,March,23,4,Friday,12,False
2018-03-24,2018,1,3,March,24,5,Saturday,12,True
2018-03-25,2018,1,3,March,25,6,Sunday,12,True
2018-03-26,2018,1,3,March,26,0,Monday,13,False
2018-03-27,2018,1,3,March,27,1,Tuesday,13,False
2018-03-28,2018,1,3,March,28,2,Wednesday,13,False
2018-03-29,2018,1,3,March,29,3,Thursday,13,False
2018-03-30,2018,1,3,March,30,4,Friday,13,False
2018-03-31,2018,1,3,March,31,5,Saturday,13,True
2018-04-01,2018,2,4,April,1,6,Sunday,13,True
2018-04-02,2018,2,4,April,2,0,Monday,14,False
2018-04-03,2018,2,4,April,3,1,Tuesday,14,False
2018-04-04,2018,2,4,April,4,2,Wednesday,14,False
2018-04-05,2018,2,4,April,5,3,Thursday,14,False
2018-04-06,2018,2,4,April,6,4,Friday,14,False
2018-04-07,2018,2,4,April,7,5,Saturday,14,True
2018-04-08,2018,2,4,April,8,6,Sunday,14,True
2018-04-09,2018,2,4,April,9,0,Monday,15,False
2018-04-10,2018,2,4,April,10,1,Tuesday,15,False
2018-04-11,2018,2,4,April,11,2,Wednesday,15,False
2018-04-12,2018,2,4,April,12,3,Thursday,15,False
2018-04-13,2018,2,4,April,13,4,Friday,15,False
2018-04-14,2018,2,4,April,14,5,Saturday,15,True
2018-04-15,2018,2,4,April,15,6,Sunday,15,True
2018-04-16,2018,2,4,April,16,0,Monday,16,False
2018-04-17,2018,2,4,April,17,1,Tuesday,16,False
2018-04-18,2018,2,4,April,18,2,Wednesday,16,False
2018-04-19,2018,2,4,April,19,3,Thursday,16,False
2018-04-20,2018,2,4,April,20,4,Friday,16,False
2018-04-21,2018,2,4,April,21,5,Saturday,16,True
2018-04-22,2018,2,4,April,22,6,Sunday,16,True
2018-04-23,2018,2,4,April,23,0,Monday,17,False
2018-04-24,2018,2,4,April,24,1,Tuesday,17,False
2018-04-25,2018,2,4,April,25,2,Wednesday,17,False
2018-04-26,2018,2,4,April,26,3,Thursday,17,False
2018-04-27,2018,2,4,April,27,4,Friday,17,False
2018-04-28,2018,2,4,April,28,5,Saturday,17,True
2018-04-29,2018,2,4,April,29,6,Sunday,17,True
2018-04-30,2018,2,4,April,30,0,Monday,18,False
2018-05-01,2018,2,5,May,1,1,Tuesday,18,False
2018-05-02,2018,2,5,May,2,2,Wednesday,18,False
2018-05-03,2018,2,5,May,3,3,Thursday,18,False
2018-05-04,2018,2,5,May,4,4,Friday,18,False
2018-05-05,2018,2,5,May,5,5,Saturday,18,True
2018-05-06,2018,2,5,May,6,6,Sunday,18,True
2018-05-07,2018,2,5,May,7,0,Monday,19,False
2018-05-08,2018,2,5,May,8,1,Tuesday,19,False
2018-05-09,2018,2,5,May,9,2,Wednesday,19,False
2018-05-10,2018,2,5,May,10,3,Thursday,19,False
2018-05-11,2018,2,5,May,11,4,Friday,19,False
2018-05-12,2018,2,5,May,12,5,Saturday,19,True
2018-05-13,2018,2,5,May,13,6,Sunday,19,True
2018-05-14,2018,2,5,May,14,0,Monday,20,False
2018-05-15,2018,2,5,May,15,1,Tuesday,20,False
2018-05-16,2018,2,5,May,16,2,Wednesday,20,False
2018-05-17,2018,2,5,May,17,3,Thursday,20,False
2018-05-18,2018,2,5,May,18,4,Friday,20,False
2018-05-19,2018,2,5,May,19,5,Saturday,20,True
2018-05-20,2018,2,5,May,20,6,Sunday,20,True
2018-05-21,2018,2,5,May,21,0,Monday,21,False
2018-05-22,2018,2,5,May,22,1,Tuesday,21,False
2018-05-23,2018,2,5,May,23,2,Wednesday,21,False
2018-05-24,2018,2,5,May,24,3,Thursday,21,False
2018-05-25,2018,2,5,May,25,4,Friday,21,False
2018-05-26,2018,2,5,May,26,5,Saturday,21,True
2018-05-27,2018,2,5,May,27,6,Sunday,21,True
2018-05-28,2018,2,5,May,28,0,Monday,22,False
2018-05-29,2018,2,5,May,29,1,Tuesday,22,False
2018-05-30,2018,2,5,May,30,2,Wednesday,22,False
2018-05-31,2018,2,5,May,31,3,Thursday,22,False
2018-06-01,2018,2,6,June,1,4,Friday,22,False
2018-06-02,2018,2,6,June,2,5,Saturday,22,True
2018-06-03,2018,2,6,June,3,6,Sunday,22,True
2018-06-04,2018,2,6,June,4,0,Monday,23,False
2018-06-05,2018,2,6,June,5,1,Tuesday,23,False
2018-06-06,2018,2,6,June,6,2,Wednesday,23,False
2018-06-07,2018,2,6,June,7,3,Thursday,23,False
2018-06-08,2018,2,6,June,8,4,Friday,23,False
2018-06-09,2018,2,6,June,9,5,Saturday,23,True
2018-06-10,2018,2,6,June,10,6,Sunday,23,True
2018-06-11,2018,2,6,June,11,0,Monday,24,False
2018-06-12,2018,2,6,June,12,1,Tuesday,24,False
2018-06-13,2018,2,6,June,13,2,Wednesday,24,False
2018-06-14,2018,2,6,June,14,3,Thursday,24,False
2018-06-15,2018,2,6,June,15,4,Friday,24,False
2018-06-16,2018,2,6,June,16,5,Saturday,24,True
2018-06-17,2018,2,6,June,17,6,Sunday,24,True
2018-06-18,2018,2,6,June,18,0,Monday,25,False
2018-06-19,2018,2,6,June,19,1,Tuesday,25,False
2018-06-20,2018,2,6,June,20,2,Wednesday,25,False
2018-06-21,2018,2,6,June,21,3,Thursday,25,False
2018-06-22,2018,2,6,June,22,4,Friday,25,False
2018-06-23,2018,2,6,June,23,5,Saturday,25,True
2018-06-24,2018,2,6,June,24,6,Sunday,25,True
2018-06-25,2018,2,6,June,25,0,Monday,26,False
2018-06-26,2018,2,6,June,26,1,Tuesday,26,False
2018-06-27,2018,2,6,June,27,2,Wednesday,26,False
2018-06-28,2018,2,6,June,28,3,Thursday,26,False
2018-06-29,2018,2,6,June,29,4,Friday,26,False
2018-06-30,2018,2,6,June,30,5,Saturday,26,True
2018-07-01,2018,3,7,July,1,6,Sunday,26,True
2018-07-02,2018,3,7,July,2,0,Monday,27,False
2018-07-03,2018,3,7,July,3,1,Tuesday,27,False
2018-07-04,2018,3,7,July,4,2,Wednesday,27,False
2018-07-05,2018,3,7,July,5,3,Thursday,27,False
2018-07-06,2018,3,7,July,6,4,Friday,27,False
2018-07-07,2018,3,7,July,7,5,Saturday,27,True
2018-07-08,2018,3,7,July,8,6,Sunday,27,True
2018-07-09,2018,3,7,July,9,0,Monday,28,False
2018-07-10,2018,3,7,July,10,1,Tuesday,28,False
2018-07-11,2018,3,7,July,11,2,Wednesday,28,False
2018-07-12,2018,3,7,July,12,3,Thursday,28,False
2018-07-13,2018,3,7,July,13,4,Friday,28,False
2018-07-14,2018,3,7,July,14,5,Saturday,28,True
2018-07-15,2018,3,7,July,15,6,Sunday,28,True
2018-07-16,2018,3,7,July,16,0,Monday,29,False
2018-07-17,2018,3,7,July,17,1,Tuesday,29,False
2018-07-18,2018,3,7,July,18,2,Wednesday,29,False
2018-07-19,2018,3,7,July,19,3,Thursday,29,False
2018-07-20,2018,3,7,July,20,4,Friday,29,False
2018-07-21,2018,3,7,July,21,5,Saturday,29,True
2018-07-22,2018,3,7,July,22,6,Sunday,29,True
2018-07-23,2018,3,7,July,23,0,Monday,30,False
2018-07-24,2018,3,7,July,24,1,Tuesday,30,False
2018-07-25,2018,3,7,July,25,2,Wednesday,30,False
2018-07-26,2018,3,7,July,26,3,Thursday,30,False
2018-07-27,2018,3,7,July,27,4,Friday,30,False
2018-07-28,2018,3,7,July,28,5,Saturday,30,True
2018-07-29,2018,3,7,July,29,6,Sunday,30,True
2018-07-30,2018,3,7,July,30,0,Monday,31,False
2018-07-31,2018,3,7,July,31,1,Tuesday,31,False
2018-08-01,2018,3,8,August,1,2,Wednesday,31,False
2018-08-02,2018,3,8,August,2,3,Thursday,31,False
2018-08-03,2018,3,8,August,3,4,Friday,31,False
2018-08-04,2018,3,8,August,4,5,Saturday,31,True
2018-08-05,2018,3,8,August,5,6,Sunday,31,True
2018-08-06,2018,3,8,August,6,0,Monday,32,False
2018-08-07,2018,3,8,August,7,1,Tuesday,32,False
2018-08-08,2018,3,8,August,8,2,Wednesday,32,False
2018-08-09,2018,3,8,August,9,3,Thursday,32,False
2018-08-10,2018,3,8,August,10,4,Friday,32,False
2018-08-11,2018,3,8,August,11,5,Saturday,32,True
2018-08-12,2018,3,8,August,12,6,Sunday,32,True
2018-08-13,2018,3,8,August,13,0,Monday,33,False
2018-08-14,2018,3,8,August,14,1,Tuesday,33,False
2018-08-15,2018,3,8,August,15,2,Wednesday,33,False
2018-08-16,2018,3,8,August,16,3,Thursday,33,False
2018-08-17,2018,3,8,August,17,4,Friday,33,False
2018-08-18,2018,3,8,August,18,5,Saturday,33,True
2018-08-19,2018,3,8,August,19,6,Sunday,33,True
2018-08-20,2018,3,8,August,20,0,Monday,34,False
2018-08-21,2018,3,8,August,21,1,Tuesday,34,False
2018-08-22,2018,3,8,August,22,2,Wednesday,34,False
2018-08-23,2018,3,8,August,23,3,Thursday,34,False
2018-08-24,2018,3,8,August,24,4,Friday,34,False
2018-08-25,2018,3,8,August,25,5,Saturday,34,True
2018-08-26,2018,3,8,August,26,6,Sunday,34,True
2018-08-27,2018,3,8,August,27,0,Monday,35,False
2018-08-28,2018,3,8,August,28,1,Tuesday,35,False
2018-08-29,2018,3,8,August,29,2,Wednesday,35,False
2018-08-30,2018,3,8,August,30,3,Thursday,35,False
2018-08-31,2018,3,8,August,31,4,Friday,35,False
2018-09-01,2018,3,9,September,1,5,Saturday,35,True
2018-09-02,2018,3,9,September,2,6,Sunday,35,True
2018-09-03,2018,3,9,September,3,0,Monday,36,False
2018-09-04,2018,3,9,September,4,1,Tuesday,36,False
2018-09-05,2018,3,9,September,5,2,Wednesday,36,False
2018-09-06,2018,3,9,September,6,3,Thursday,36,False
2018-09-07,2018,3,9,September,7,4,Friday,36,False
2018-09-08,2018,3,9,September,8,5,Saturday,36,True
2018-09-09,2018,3,9,September,9,6,Sunday,36,True
2018-09-10,2018,3,9,September,10,0,Monday,37,False
2018-09-11,2018,3,9,September,11,1,Tuesday,37,False
2018-09-12,2018,3,9,September,12,2,Wednesday,37,False
2018-09-13,2018,3,9,September,13,3,Thursday,37,False
2018-09-14,2018,3,9,September,14,4,Friday,37,False
2018-09-15,2018,3,9,September,15,5,Saturday,37,True
2018-09-16,2018,3,9,September,16,6,Sunday,37,True
2018-09-17,2018,3,9,September,17,0,Monday,38,False
2018-09-18,2018,3,9,September,18,1,Tuesday,38,False
2018-09-19,2018,3,9,September,19,2,Wednesday,38,False
2018-09-20,2018,3,9,September,20,3,Thursday,38,False
2018-09-21,2018,3,9,September,21,4,Friday,38,False
2018-09-22,2018,3,9,September,22,5,Saturday,38,True
2018-09-23,2018,3,9,September,23,6,Sunday,38,True
2018-09-24,2018,3,9,September,24,0,Monday,39,False
2018-09-25,2018,3,9,September,25,1,Tuesday,39,False
2018-09-26,2018,3,9,September,26,2,Wednesday,39,False
2018-09-27,2018,3,9,September,27,3,Thursday,39,False
2018-09-28,2018,3,9,September,28,4,Friday,39,False
2018-09-29,2018,3,9,September,29,5,Saturday,39,True
2018-09-30,2018,3,9,September,30,6,Sunday,39,True
2018-10-01,2018,4,10,October,1,0,Monday,40,False
2018-10-02,2018,4,10,October,2,1,Tuesday,40,False
2018-10-03,2018,4,10,October,3,2,Wednesday,40,False
2018-10-04,2018,4,10,October,4,3,Thursday,40,False
2018-10-05,2018,4,10,October,5,4,Friday,40,False
2018-10-06,2018,4,10,October,6,5,Saturday,40,True
2018-10-07,2018,4,10,October,7,6,Sunday,40,True
2018-10-08,2018,4,10,October,8,0,Monday,41,False
2018-10-09,2018,4,10,October,9,1,Tuesday,41,False
2018-10-10,2018,4,10,October,10,2,Wednesday,41,False
2018-10-11,2018,4,10,October,11,3,Thursday,41,False
2018-10-12,2018,4,10,October,12,4,Friday,41,False
2018-10-13,2018,4,10,October,13,5,Saturday,41,True
2018-10-14,2018,4,10,October,14,6,Sunday,41,True
2018-10-15,2018,4,10,October,15,0,Monday,42,False
2018-10-16,2018,4,10,October,16,1,Tuesday,42,False
2018-10-17,2018,4,10,October,17,2,Wednesday,42,False
2018-10-18,2018,4,10,October,18,3,Thursday,42,False
2018-10-19,2018,4,10,October,19,4,Friday,42,False
2018-10-20,2018,4,10,October,20,5,Saturday,42,True
2018-10-21,2018,4,10,October,21,6,Sunday,42,True
2018-10-22,2018,4,10,October,22,0,Monday,43,False
2018-10-23,2018,4,10,October,23,1,Tuesday,43,False
2018-10-24,2018,4,10,October,24,2,Wednesday,43,False
2018-10-25,2018,4,10,October,25,3,Thursday,43,False
2018-10-26,2018,4,10,October,26,4,Friday,43,False
2018-10-27,2018,4,10,October,27,5,Saturday,43,True
2018-10-28,2018,4,10,October,28,6,Sunday,43,True
2018-10-29,2018,4,10,October,29,0,Monday,44,False
2018-10-30,2018,4,10,October,30,1,Tuesday,44,False
2018-10-31,2018,4,10,October,31,2,Wednesday,44,False
2018-11-01,2018,4,11,November,1,3,Thursday,44,False
2018-11-02,2018,4,11,November,2,4,Friday,44,False
2018-11-03,2018,4,11,November,3,5,Saturday,44,True
2018-11-04,2018,4,11,November,4,6,Sunday,44,True
2018-11-05,2018,4,11,November,5,0,Monday,45,False
2018-11-06,2018,4,11,November,6,1,Tuesday,45,False
2018-11-07,2018,4,11,November,7,2,Wednesday,45,False
2018-11-08,2018,4,11,November,8,3,Thursday,45,False
2018-11-09,2018,4,11,November,9,4,Friday,45,False
2018-11-10,2018,4,11,November,10,5,Saturday,45,True
2018-11-11,2018,4,11,November,11,6,Sunday,45,True
2018-11-12,2018,4,11,November,12,0,Monday,46,False
2018-11-13,2018,4,11,November,13,1,Tuesday,46,False
2018-11-14,2018,4,11,November,14,2,Wednesday,46,False
2018-11-15,2018,4,11,November,15,3,Thursday,46,False
2018-11-16,2018,4,11,November,16,4,Friday,46,False
2018-11-17,2018,4,11,November,17,5,Saturday,46,True
2018-11-18,2018,4,11,November,18,6,Sunday,46,True
2018-11-19,2018,4,11,November,19,0,Monday,47,False
2018-11-20,2018,4,11,November,20,1,Tuesday,47,False
2018-11-21,2018,4,11,November,21,2,Wednesday,47,False
2018-11-22,2018,4,11,November,22,3,Thursday,47,False
2018-11-23,2018,4,11,November,23,4,Friday,47,False
2018-11-24,2018,4,11,November,24,5,Saturday,47,True
2018-11-25,2018,4,11,November,25,6,Sunday,47,True
2018-11-26,2018,4,11,November,26,0,Monday,48,False
2018-11-27,2018,4,11,November,27,1,Tuesday,48,False
2018-11-28,2018,4,11,November,28,2,Wednesday,48,False
2018-11-29,2018,4,11,November,29,3,Thursday,48,False
2018-11-30,2018,4,11,November,30,4,Friday,48,False
2018-12-01,2018,4,12,December,1,5,Saturday,48,True
2018-12-02,2018,4,12,December,2,6,Sunday,48,True
2018-12-03,2018,4,12,December,3,0,Monday,49,False
2018-12-04,2018,4,12,December,4,1,Tuesday,49,False
2018-12-05,2018,4,12,December,5,2,Wednesday,49,False
2018-12-06,2018,4,12,December,6,3,Thursday,49,False
2018-12-07,2018,4,12,December,7,4,Friday,49,False
2018-12-08,2018,4,12,December,8,5,Saturday,49,True
2018-12-09,2018,4,12,December,9,6,Sunday,49,True
2018-12-10,2018,4,12,December,10,0,Monday,50,False
2018-12-11,2018,4,12,December,11,1,Tuesday,50,False
2018-12-12,2018,4,12,December,12,2,Wednesday,50,False
2018-12-13,2018,4,12,December,13,3,Thursday,50,False
2018-12-14,2018,4,12,December,14,4,Friday,50,False
2018-12-15,2018,4,12,December,15,5,Saturday,50,True
2018-12-16,2018,4,12,December,16,6,Sunday,50,True
2018-12-17,2018,4,12,December,17,0,Monday,51,False
2018-12-18,2018,4,12,December,18,1,Tuesday,51,False
2018-12-19,2018,4,12,December,19,2,Wednesday,51,False
2018-12-20,2018,4,12,December,20,3,Thursday,51,False
2018-12-21,2018,4,12,December,21,4,Friday,51,False
2018-12-22,2018,4,12,December,22,5,Saturday,51,True
2018-12-23,2018,4,12,December,23,6,Sunday,51,True
2018-12-24,2018,4,12,December,24,0,Monday,52,False
2018-12-25,2018,4,12,December,25,1,Tuesday,52,False
2018-12-26,2018,4,12,December,26,2,Wednesday,52,False
2018-12-27,2018,4,12,December,27,3,Thursday,52,False
2018-12-28,2018,4,12,December,28,4,Friday,52,False
2018-12-29,2018,4,12,December,29,5,Saturday,52,True
2018-12-30,2018,4,12,December,30,6,Sunday,52,True
2018-12-31,2018,4,12,December,31,0,Monday,1,False
2019-01-01,2019,1,1,January,1,1,Tuesday,1,False
2019-01-02,2019,1,1,January,2,2,Wednesday,1,False
2019-01-03,2019,1,1,January,3,3,Thursday,1,False
2019-01-04,2019,1,1,January,4,4,Friday,1,False
2019-01-05,2019,1,1,January,5,5,Saturday,1,True
2019-01-06,2019,1,1,January,6,6,Sunday,1,True
2019-01-07,2019,1,1,January,7,0,Monday,2,False
2019-01-08,2019,1,1,January,8,1,Tuesday,2,False
2019-01-09,2019,1,1,January,9,2,Wednesday,2,False
2019-01-10,2019,1,1,January,10,3,Thursday,2,False
2019-01-11,2019,1,1,January,11,4,Friday,2,False
2019-01-12,2019,1,1,January,12,5,Saturday,2,True
2019-01-13,2019,1,1,January,13,6,Sunday,2,True
2019-01-14,2019,1,1,January,14,0,Monday,3,False
2019-01-15,2019,1,1,January,15,1,Tuesday,3,False
2019-01-16,2019,1,1,January,16,2,Wednesday,3,False
2019-01-17,2019,1,1,January,17,3,Thursday,3,False
2019-01-18,2019,1,1,January,18,4,Friday,3,False
2019-01-19,2019,1,1,January,19,5,Saturday,3,True
2019-01-20,2019,1,1,January,20,6,Sunday,3,True
2019-01-21,2019,1,1,January,21,0,Monday,4,False
2019-01-22,2019,1,1,January,22,1,Tuesday,4,False
2019-01-23,2019,1,1,January,23,2,Wednesday,4,False
2019-01-24,2019,1,1,January,24,3,Thursday,4,False
2019-01-25,2019,1,1,January,25,4,Friday,4,False
2019-01-26,2019,1,1,January,26,5,Saturday,4,True
2019-01-27,2019,1,1,January,27,6,Sunday,4,True
2019-01-28,2019,1,1,January,28,0,Monday,5,False
2019-01-29,2019,1,1,January,29,1,Tuesday,5,False
2019-01-30,2019,1,1,January,30,2,Wednesday,5,False
2019-01-31,2019,1,1,January,31,3,Thursday,5,False
2019-02-01,2019,1,2,February,1,4,Friday,5,False
2019-02-02,2019,1,2,February,2,5,Saturday,5,True
2019-02-03,2019,1,2,February,3,6,Sunday,5,True
2019-02-04,2019,1,2,February,4,0,Monday,6,False
2019-02-05,2019,1,2,February,5,1,Tuesday,6,False
2019-02-06,2019,1,2,February,6,2,Wednesday,6,False
2019-02-07,2019,1,2,February,7,3,Thursday,6,False
2019-02-08,2019,1,2,February,8,4,Friday,6,False
2019-02-09,2019,1,2,February,9,5,Saturday,6,True
2019-02-10,2019,1,2,February,10,6,Sunday,6,True
2019-02-11,2019,1,2,February,11,0,Monday,7,False
2019-02-12,2019,1,2,February,12,1,Tuesday,7,False
2019-02-13,2019,1,2,February,13,2,Wednesday,7,False
2019-02-14,2019,1,2,February,14,3,Thursday,7,False
2019-02-15,2019,1,2,February,15,4,Friday,7,False
2019-02-16,2019,1,2,February,16,5,Saturday,7,True
2019-02-17,2019,1,2,February,17,6,Sunday,7,True
2019-02-18,2019,1,2,February,18,0,Monday,8,False
2019-02-19,2019,1,2,February,19,1,Tuesday,8,False
2019-02-20,2019,1,2,February,20,2,Wednesday,8,False
2019-02-21,2019,1,2,February,21,3,Thursday,8,False
2019-02-22,2019,1,2,February,22,4,Friday,8,False
2019-02-23,2019,1,2,February,23,5,Saturday,8,True
2019-02-24,2019,1,2,February,24,6,Sunday,8,True
2019-02-25,2019,1,2,February,25,0,Monday,9,False
2019-02-26,2019,1,2,February,26,1,Tuesday,9,False
2019-02-27,2019,1,2,February,27,2,Wednesday,9,False
2019-02-28,2019,1,2,February,28,3,Thursday,9,False
2019-03-01,2019,1,3,March,1,4,Friday,9,False
2019-03-02,2019,1,3,March,2,5,Saturday,9,True
2019-03-03,2019,1,3,March,3,6,Sunday,9,True
2019-03-04,2019,1,3,March,4,0,Monday,10,False
2019-03-05,2019,1,3,March,5,1,Tuesday,10,False
2019-03-06,2019,1,3,March,6,2,Wednesday,10,False
2019-03-07,2019,1,3,March,7,3,Thursday,10,False
2019-03-08,2019,1,3,March,8,4,Friday,10,False
2019-03-09,2019,1,3,March,9,5,Saturday,10,True
2019-03-10,2019,1,3,March,10,6,Sunday,10,True
2019-03-11,2019,1,3,March,11,0,Monday,11,False
2019-03-12,2019,1,3,March,12,1,Tuesday,11,False
2019-03-13,2019,1,3,March,13,2,Wednesday,11,False
2019-03-14,2019,1,3,March,14,3,Thursday,11,False
2019-03-15,2019,1,3,March,15,4,Friday,11,False
2019-03-16,2019,1,3,March,16,5,Saturday,11,True
2019-03-17,2019,1,3,March,17,6,Sunday,11,True
2019-03-18,2019,1,3,March,18,0,Monday,12,False
2019-03-19,2019,1,3,March,19,1,Tuesday,12,False
2019-03-20,2019,1,3,March,20,2,Wednesday,12,False
2019-03-21,2019,1,3,March,21,3,Thursday,12,False
2019-03-22,2019,1,3,March,22,4,Friday,12,False
2019-03-23,2019,1,3,March,23,5,Saturday,12,True
2019-03-24,2019,1,3,March,24,6,Sunday,12,True
2019-03-25,2019,1,3,March,25,0,Monday,13,False
2019-03-26,2019,1,3,March,26,1,Tuesday,13,False
2019-03-27,2019,1,3,March,27,2,Wednesday,13,False
2019-03-28,2019,1,3,March,28,3,Thursday,13,False
2019-03-29,2019,1,3,March,29,4,Friday,13,False
2019-03-30,2019,1,3,March,30,5,Saturday,13,True
2019-03-31,2019,1,3,March,31,6,Sunday,13,True
2019-04-01,2019,2,4,April,1,0,Monday,14,False
2019-04-02,2019,2,4,April,2,1,Tuesday,14,False
2019-04-03,2019,2,4,April,3,2,Wednesday,14,False
2019-04-04,2019,2,4,April,4,3,Thursday,14,False
2019-04-05,2019,2,4,April,5,4,Friday,14,False
2019-04-06,2019,2,4,April,6,5,Saturday,14,True
2019-04-07,2019,2,4,April,7,6,Sunday,14,True
2019-04-08,2019,2,4,April,8,0,Monday,15,False
2019-04-09,2019,2,4,April,9,1,Tuesday,15,False
2019-04-10,2019,2,4,April,10,2,Wednesday,15,False
2019-04-11,2019,2,4,April,11,3,Thursday,15,False
2019-04-12,2019,2,4,April,12,4,Friday,15,False
2019-04-13,2019,2,4,April,13,5,Saturday,15,True
2019-04-14,2019,2,4,April,14,6,Sunday,15,True
2019-04-15,2019,2,4,April,15,0,Monday,16,False
2019-04-16,2019,2,4,April,16,1,Tuesday,16,False
2019-04-17,2019,2,4,April,17,2,Wednesday,16,False
2019-04-18,2019,2,4,April,18,3,Thursday,16,False
2019-04-19,2019,2,4,April,19,4,Friday,16,False
2019-04-20,2019,2,4,April,20,5,Saturday,16,True
2019-04-21,2019,2,4,April,21,6,Sunday,16,True
2019-04-22,2019,2,4,April,22,0,Monday,17,False
2019-04-23,2019,2,4,April,23,1,Tuesday,17,False
2019-04-24,2019,2,4,April,24,2,Wednesday,17,False
2019-04-25,2019,2,4,April,25,3,Thursday,17,False
2019-04-26,2019,2,4,April,26,4,Friday,17,False
2019-04-27,2019,2,4,April,27,5,Saturday,17,True
2019-04-28,2019,2,4,April,28,6,Sunday,17,True
2019-04-29,2019,2,4,April,29,0,Monday,18,False
2019-04-30,2019,2,4,April,30,1,Tuesday,18,False
2019-05-01,2019,2,5,May,1,2,Wednesday,18,False
2019-05-02,2019,2,5,May,2,3,Thursday,18,False
2019-05-03,2019,2,5,May,3,4,Friday,18,False
2019-05-04,2019,2,5,May,4,5,Saturday,18,True
2019-05-05,2019,2,5,May,5,6,Sunday,18,True
2019-05-06,2019,2,5,May,6,0,Monday,19,False
2019-05-07,2019,2,5,May,7,1,Tuesday,19,False
2019-05-08,2019,2,5,May,8,2,Wednesday,19,False
2019-05-09,2019,2,5,May,9,3,Thursday,19,False
2019-05-10,2019,2,5,May,10,4,Friday,19,False
2019-05-11,2019,2,5,May,11,5,Saturday,19,True
2019-05-12,2019,2,5,May,12,6,Sunday,19,True
2019-05-13,2019,2,5,May,13,0,Monday,20,False
2019-05-14,2019,2,5,May,14,1,Tuesday,20,False
2019-05-15,2019,2,5,May,15,2,Wednesday,20,False
2019-05-16,2019,2,5,May,16,3,Thursday,20,False
2019-05-17,2019,2,5,May,17,4,Friday,20,False
2019-05-18,2019,2,5,May,18,5,Saturday,20,True
2019-05-19,2019,2,5,May,19,6,Sunday,20,True
2019-05-20,2019,2,5,May,20,0,Monday,21,False
2019-05-21,2019,2,5,May,21,1,Tuesday,21,False
2019-05-22,2019,2,5,May,22,2,Wednesday,21,False
2019-05-23,2019,2,5,May,23,3,Thursday,21,False
2019-05-24,2019,2,5,May,24,4,Friday,21,False
2019-05-25,2019,2,5,May,25,5,Saturday,21,True
2019-05-26,2019,2,5,May,26,6,Sunday,21,True
2019-05-27,2019,2,5,May,27,0,Monday,22,False
2019-05-28,2019,2,5,May,28,1,Tuesday,22,False
2019-05-29,2019,2,5,May,29,2,Wednesday,22,False
2019-05-30,2019,2,5,May,30,3,Thursday,22,False
2019-05-31,2019,2,5,May,31,4,Friday,22,False
2019-06-01,2019,2,6,June,1,5,Saturday,22,True
2019-06-02,2019,2,6,June,2,6,Sunday,22,True
2019-06-03,2019,2,6,June,3,0,Monday,23,False
2019-06-04,2019,2,6,June,4,1,Tuesday,23,False
2019-06-05,2019,2,6,June,5,2,Wednesday,23,False
2019-06-06,2019,2,6,June,6,3,Thursday,23,False
2019-06-07,2019,2,6,June,7,4,Friday,23,False
2019-06-08,2019,2,6,June,8,5,Saturday,23,True
2019-06-09,2019,2,6,June,9,6,Sunday,23,True
2019-06-10,2019,2,6,June,10,0,Monday,24,False
2019-06-11,2019,2,6,June,11,1,Tuesday,24,False
2019-06-12,2019,2,6,June,12,2,Wednesday,24,False
2019-06-13,2019,2,6,June,13,3,Thursday,24,False
2019-06-14,2019,2,6,June,14,4,Friday,24,False
2019-06-15,2019,2,6,June,15,5,Saturday,24,True
2019-06-16,2019,2,6,June,16,6,Sunday,24,True
2019-06-17,2019,2,6,June,17,0,Monday,25,False
2019-06-18,2019,2,6,June,18,1,Tuesday,25,False
2019-06-19,2019,2,6,June,19,2,Wednesday,25,False
2019-06-20,2019,2,6,June,20,3,Thursday,25,False
2019-06-21,2019,2,6,June,21,4,Friday,25,False
2019-06-22,2019,2,6,June,22,5,Saturday,25,True
2019-06-23,2019,2,6,June,23,6,Sunday,25,True
2019-06-24,2019,2,6,June,24,0,Monday,26,False
2019-06-25,2019,2,6,June,25,1,Tuesday,26,False
2019-06-26,2019,2,6,June,26,2,Wednesday,26,False
2019-06-27,2019,2,6,June,27,3,Thursday,26,False
2019-06-28,2019,2,6,June,28,4,Friday,26,False
2019-06-29,2019,2,6,June,29,5,Saturday,26,True
2019-06-30,2019,2,6,June,30,6,Sunday,26,True
2019-07-01,2019,3,7,July,1,0,Monday,27,False
2019-07-02,2019,3,7,July,2,1,Tuesday,27,False
2019-07-03,2019,3,7,July,3,2,Wednesday,27,False
2019-07-04,2019,3,7,July,4,3,Thursday,27,False
2019-07-05,2019,3,7,July,5,4,Friday,27,False
2019-07-06,2019,3,7,July,6,5,Saturday,27,True
2019-07-07,2019,3,7,July,7,6,Sunday,27,True
2019-07-08,2019,3,7,July,8,0,Monday,28,False
2019-07-09,2019,3,7,July,9,1,Tuesday,28,False
2019-07-10,2019,3,7,July,10,2,Wednesday,28,False
2019-07-11,2019,3,7,July,11,3,Thursday,28,False
2019-07-12,2019,3,7,July,12,4,Friday,28,False
2019-07-13,2019,3,7,July,13,5,Saturday,28,True
2019-07-14,2019,3,7,July,14,6,Sunday,28,True
2019-07-15,2019,3,7,July,15,0,Monday,29,False
2019-07-16,2019,3,7,July,16,1,Tuesday,29,False
2019-07-17,2019,3,7,July,17,2,Wednesday,29,False
2019-07-18,2019,3,7,July,18,3,Thursday,29,False
2019-07-19,2019,3,7,July,19,4,Friday,29,False
2019-07-20,2019,3,7,July,20,5,Saturday,29,True
2019-07-21,2019,3,7,July,21,6,Sunday,29,True
2019-07-22,2019,3,7,July,22,0,Monday,30,False
2019-07-23,2019,3,7,July,23,1,Tuesday,30,False
2019-07-24,2019,3,7,July,24,2,Wednesday,30,False
2019-07-25,2019,3,7,July,25,3,Thursday,30,False
2019-07-26,2019,3,7,July,26,4,Friday,30,False
2019-07-27,2019,3,7,July,27,5,Saturday,30,True
2019-07-28,2019,3,7,July,28,6,Sunday,30,True
2019-07-29,2019,3,7,July,29,0,Monday,31,False
2019-07-30,2019,3,7,July,30,1,Tuesday,31,False
2019-07-31,2019,3,7,July,31,2,Wednesday,31,False
2019-08-01,2019,3,8,August,1,3,Thursday,31,False
2019-08-02,2019,3,8,August,2,4,Friday,31,False
2019-08-03,2019,3,8,August,3,5,Saturday,31,True
2019-08-04,2019,3,8,August,4,6,Sunday,31,True
2019-08-05,2019,3,8,August,5,0,Monday,32,False
2019-08-06,2019,3,8,August,6,1,Tuesday,32,False
2019-08-07,2019,3,8,August,7,2,Wednesday,32,False
2019-08-08,2019,3,8,August,8,3,Thursday,32,False
2019-08-09,2019,3,8,August,9,4,Friday,32,False
2019-08-10,2019,3,8,August,10,5,Saturday,32,True
2019-08-11,2019,3,8,August,11,6,Sunday,32,True
2019-08-12,2019,3,8,August,12,0,Monday,33,False
2019-08-13,2019,3,8,August,13,1,Tuesday,33,False
2019-08-14,2019,3,8,August,14,2,Wednesday,33,False
2019-08-15,2019,3,8,August,15,3,Thursday,33,False
2019-08-16,2019,3,8,August,16,4,Friday,33,False
2019-08-17,2019,3,8,August,17,5,Saturday,33,True
2019-08-18,2019,3,8,August,18,6,Sunday,33,True
2019-08-19,2019,3,8,August,19,0,Monday,34,False
2019-08-20,2019,3,8,August,20,1,Tuesday,34,False
2019-08-21,2019,3,8,August,21,2,Wednesday,34,False
2019-08-22,2019,3,8,August,22,3,Thursday,34,False
2019-08-23,2019,3,8,August,23,4,Friday,34,False
2019-08-24,2019,3,8,August,24,5,Saturday,34,True
2019-08-25,2019,3,8,August,25,6,Sunday,34,True
2019-08-26,2019,3,8,August,26,0,Monday,35,False
2019-08-27,2019,3,8,August,27,1,Tuesday,35,False
2019-08-28,2019,3,8,August,28,2,Wednesday,35,False
2019-08-29,2019,3,8,August,29,3,Thursday,35,False
2019-08-30,2019,3,8,August,30,4,Friday,35,False
2019-08-31,2019,3,8,August,31,5,Saturday,35,True
2019-09-01,2019,3,9,September,1,6,Sunday,35,True
2019-09-02,2019,3,9,September,2,0,Monday,36,False
2019-09-03,2019,3,9,September,3,1,Tuesday,36,False
2019-09-04,2019,3,9,September,4,2,Wednesday,36,False
2019-09-05,2019,3,9,September,5,3,Thursday,36,False
2019-09-06,2019,3,9,September,6,4,Friday,36,False
2019-09-07,2019,3,9,September,7,5,Saturday,36,True
2019-09-08,2019,3,9,September,8,6,Sunday,36,True
2019-09-09,2019,3,9,September,9,0,Monday,37,False
2019-09-10,2019,3,9,September,10,1,Tuesday,37,False
2019-09-11,2019,3,9,September,11,2,Wednesday,37,False
2019-09-12,2019,3,9,September,12,3,Thursday,37,False
2019-09-13,2019,3,9,September,13,4,Friday,37,False
2019-09-14,2019,3,9,September,14,5,Saturday,37,True
2019-09-15,2019,3,9,September,15,6,Sunday,37,True
2019-09-16,2019,3,9,September,16,0,Monday,38,False
2019-09-17,2019,3,9,September,17,1,Tuesday,38,False
2019-09-18,2019,3,9,September,18,2,Wednesday,38,False
2019-09-19,2019,3,9,September,19,3,Thursday,38,False
2019-09-20,2019,3,9,September,20,4,Friday,38,False
2019-09-21,2019,3,9,September,21,5,Saturday,38,True
2019-09-22,2019,3,9,September,22,6,Sunday,38,True
2019-09-23,2019,3,9,September,23,0,Monday,39,False
2019-09-24,2019,3,9,September,24,1,Tuesday,39,False
2019-09-25,2019,3,9,September,25,2,Wednesday,39,False
2019-09-26,2019,3,9,September,26,3,Thursday,39,False
2019-09-27,2019,3,9,September,27,4,Friday,39,False
2019-09-28,2019,3,9,September,28,5,Saturday,39,True
2019-09-29,2019,3,9,September,29,6,Sunday,39,True
2019-09-30,2019,3,9,September,30,0,Monday,40,False
2019-10-01,2019,4,10,October,1,1,Tuesday,40,False
2019-10-02,2019,4,10,October,2,2,Wednesday,40,False
2019-10-03,2019,4,10,October,3,3,Thursday,40,False
2019-10-04,2019,4,10,October,4,4,Friday,40,False
2019-10-05,2019,4,10,October,5,5,Saturday,40,True
2019-10-06,2019,4,10,October,6,6,Sunday,40,True
2019-10-07,2019,4,10,October,7,0,Monday,41,False
2019-10-08,2019,4,10,October,8,1,Tuesday,41,False
2019-10-09,2019,4,10,October,9,2,Wednesday,41,False
2019-10-10,2019,4,10,October,10,3,Thursday,41,False
2019-10-11,2019,4,10,October,11,4,Friday,41,False
2019-10-12,2019,4,10,October,12,5,Saturday,41,True
2019-10-13,2019,4,10,October,13,6,Sunday,41,True
2019-10-14,2019,4,10,October,14,0,Monday,42,False
2019-10-15,2019,4,10,October,15,1,Tuesday,42,False
2019-10-16,2019,4,10,October,16,2,Wednesday,42,False
2019-10-17,2019,4,10,October,17,3,Thursday,42,False
2019-10-18,2019,4,10,October,18,4,Friday,42,False
2019-10-19,2019,4,10,October,19,5,Saturday,42,True
2019-10-20,2019,4,10,October,20,6,Sunday,42,True
2019-10-21,2019,4,10,October,21,0,Monday,43,False
2019-10-22,2019,4,10,October,22,1,Tuesday,43,False
2019-10-23,2019,4,10,October,23,2,Wednesday,43,False
2019-10-24,2019,4,10,October,24,3,Thursday,43,False
2019-10-25,2019,4,10,October,25,4,Friday,43,False
2019-10-26,2019,4,10,October,26,5,Saturday,43,True
2019-10-27,2019,4,10,October,27,6,Sunday,43,True
2019-10-28,2019,4,10,October,28,0,Monday,44,False
2019-10-29,2019,4,10,October,29,1,Tuesday,44,False
2019-10-30,2019,4,10,October,30,2,Wednesday,44,False
2019-10-31,2019,4,10,October,31,3,Thursday,44,False
2019-11-01,2019,4,11,November,1,4,Friday,44,False
2019-11-02,2019,4,11,November,2,5,Saturday,44,True
2019-11-03,2019,4,11,November,3,6,Sunday,44,True
2019-11-04,2019,4,11,November,4,0,Monday,45,False
2019-11-05,2019,4,11,November,5,1,Tuesday,45,False
2019-11-06,2019,4,11,November,6,2,Wednesday,45,False
2019-11-07,2019,4,11,November,7,3,Thursday,45,False
2019-11-08,2019,4,11,November,8,4,Friday,45,False
2019-11-09,2019,4,11,November,9,5,Saturday,45,True
2019-11-10,2019,4,11,November,10,6,Sunday,45,True
2019-11-11,2019,4,11,November,11,0,Monday,46,False
2019-11-12,2019,4,11,November,12,1,Tuesday,46,False
2019-11-13,2019,4,11,November,13,2,Wednesday,46,False
2019-11-14,2019,4,11,November,14,3,Thursday,46,False
2019-11-15,2019,4,11,November,15,4,Friday,46,False
2019-11-16,2019,4,11,November,16,5,Saturday,46,True
2019-11-17,2019,4,11,November,17,6,Sunday,46,True
2019-11-18,2019,4,11,November,18,0,Monday,47,False
2019-11-19,2019,4,11,November,19,1,Tuesday,47,False
2019-11-20,2019,4,11,November,20,2,Wednesday,47,False
2019-11-21,2019,4,11,November,21,3,Thursday,47,False
2019-11-22,2019,4,11,November,22,4,Friday,47,False
2019-11-23,2019,4,11,November,23,5,Saturday,47,True
2019-11-24,2019,4,11,November,24,6,Sunday,47,True
2019-11-25,2019,4,11,November,25,0,Monday,48,False
2019-11-26,2019,4,11,November,26,1,Tuesday,48,False
2019-11-27,2019,4,11,November,27,2,Wednesday,48,False
2019-11-28,2019,4,11,November,28,3,Thursday,48,False
2019-11-29,2019,4,11,November,29,4,Friday,48,False
2019-11-30,2019,4,11,November,30,5,Saturday,48,True
2019-12-01,2019,4,12,December,1,6,Sunday,48,True
2019-12-02,2019,4,12,December,2,0,Monday,49,False
2019-12-03,2019,4,12,December,3,1,Tuesday,49,False
2019-12-04,2019,4,12,December,4,2,Wednesday,49,False
2019-12-05,2019,4,12,December,5,3,Thursday,49,False
2019-12-06,2019,4,12,December,6,4,Friday,49,False
2019-12-07,2019,4,12,December,7,5,Saturday,49,True
2019-12-08,2019,4,12,December,8,6,Sunday,49,True
2019-12-09,2019,4,12,December,9,0,Monday,50,False
2019-12-10,2019,4,12,December,10,1,Tuesday,50,False
2019-12-11,2019,4,12,December,11,2,Wednesday,50,False
2019-12-12,2019,4,12,December,12,3,Thursday,50,False
2019-12-13,2019,4,12,December,13,4,Friday,50,False
2019-12-14,2019,4,12,December,14,5,Saturday,50,True
2019-12-15,2019,4,12,December,15,6,Sunday,50,True
2019-12-16,2019,4,12,December,16,0,Monday,51,False
2019-12-17,2019,4,12,December,17,1,Tuesday,51,False
2019-12-18,2019,4,12,December,18,2,Wednesday,51,False
2019-12-19,2019,4,12,December,19,3,Thursday,51,False
2019-12-20,2019,4,12,December,20,4,Friday,51,False
2019-12-21,2019,4,12,December,21,5,Saturday,51,True
2019-12-22,2019,4,12,December,22,6,Sunday,51,True
2019-12-23,2019,4,12,December,23,0,Monday,52,False
2019-12-24,2019,4,12,December,24,1,Tuesday,52,False
2019-12-25,2019,4,12,December,25,2,Wednesday,52,False
2019-12-26,2019,4,12,December,26,3,Thursday,52,False
2019-12-27,2019,4,12,December,27,4,Friday,52,False
2019-12-28,2019,4,12,December,28,5,Saturday,52,True
2019-12-29,2019,4,12,December,29,6,Sunday,52,True
2019-12-30,2019,4,12,December,30,0,Monday,1,False
2019-12-31,2019,4,12,December,31,1,Tuesday,1,False
2020-01-01,2020,1,1,January,1,2,Wednesday,1,False
2020-01-02,2020,1,1,January,2,3,Thursday,1,False
2020-01-03,2020,1,1,January,3,4,Friday,1,False
2020-01-04,2020,1,1,January,4,5,Saturday,1,True
2020-01-05,2020,1,1,January,5,6,Sunday,1,True
2020-01-06,2020,1,1,January,6,0,Monday,2,False
2020-01-07,2020,1,1,January,7,1,Tuesday,2,False
2020-01-08,2020,1,1,January,8,2,Wednesday,2,False
2020-01-09,2020,1,1,January,9,3,Thursday,2,False
2020-01-10,2020,1,1,January,10,4,Friday,2,False
2020-01-11,2020,1,1,January,11,5,Saturday,2,True
2020-01-12,2020,1,1,January,12,6,Sunday,2,True
2020-01-13,2020,1,1,January,13,0,Monday,3,False
2020-01-14,2020,1,1,January,14,1,Tuesday,3,False
2020-01-15,2020,1,1,January,15,2,Wednesday,3,False
2020-01-16,2020,1,1,January,16,3,Thursday,3,False
2020-01-17,2020,1,1,January,17,4,Friday,3,False
2020-01-18,2020,1,1,January,18,5,Saturday,3,True
2020-01-19,2020,1,1,January,19,6,Sunday,3,True
2020-01-20,2020,1,1,January,20,0,Monday,4,False
2020-01-21,2020,1,1,January,21,1,Tuesday,4,False
2020-01-22,2020,1,1,January,22,2,Wednesday,4,False
2020-01-23,2020,1,1,January,23,3,Thursday,4,False
2020-01-24,2020,1,1,January,24,4,Friday,4,False
2020-01-25,2020,1,1,January,25,5,Saturday,4,True
2020-01-26,2020,1,1,January,26,6,Sunday,4,True
2020-01-27,2020,1,1,January,27,0,Monday,5,False
2020-01-28,2020,1,1,January,28,1,Tuesday,5,False
2020-01-29,2020,1,1,January,29,2,Wednesday,5,False
2020-01-30,2020,1,1,January,30,3,Thursday,5,False
2020-01-31,2020,1,1,January,31,4,Friday,5,False
2020-02-01,2020,1,2,February,1,5,Saturday,5,True
2020-02-02,2020,1,2,February,2,6,Sunday,5,True
2020-02-03,2020,1,2,February,3,0,Monday,6,False
2020-02-04,2020,1,2,February,4,1,Tuesday,6,False
2020-02-05,2020,1,2,February,5,2,Wednesday,6,False
2020-02-06,2020,1,2,February,6,3,Thursday,6,False
2020-02-07,2020,1,2,February,7,4,Friday,6,False
2020-02-08,2020,1,2,February,8,5,Saturday,6,True
2020-02-09,2020,1,2,February,9,6,Sunday,6,True
2020-02-10,2020,1,2,February,10,0,Monday,7,False
2020-02-11,2020,1,2,February,11,1,Tuesday,7,False
2020-02-12,2020,1,2,February,12,2,Wednesday,7,False
2020-02-13,2020,1,2,February,13,3,Thursday,7,False
2020-02-14,2020,1,2,February,14,4,Friday,7,False
2020-02-15,2020,1,2,February,15,5,Saturday,7,True
2020-02-16,2020,1,2,February,16,6,Sunday,7,True
2020-02-17,2020,1,2,February,17,0,Monday,8,False
2020-02-18,2020,1,2,February,18,1,Tuesday,8,False
2020-02-19,2020,1,2,February,19,2,Wednesday,8,False
2020-02-20,2020,1,2,February,20,3,Thursday,8,False
2020-02-21,2020,1,2,February,21,4,Friday,8,False
2020-02-22,2020,1,2,February,22,5,Saturday,8,True
2020-02-23,2020,1,2,February,23,6,Sunday,8,True
2020-02-24,2020,1,2,February,24,0,Monday,9,False
2020-02-25,2020,1,2,February,25,1,Tuesday,9,False
2020-02-26,2020,1,2,February,26,2,Wednesday,9,False
2020-02-27,2020,1,2,February,27,3,Thursday,9,False
2020-02-28,2020,1,2,February,28,4,Friday,9,False
2020-02-29,2020,1,2,February,29,5,Saturday,9,True
2020-03-01,2020,1,3,March,1,6,Sunday,9,True
2020-03-02,2020,1,3,March,2,0,Monday,10,False
2020-03-03,2020,1,3,March,3,1,Tuesday,10,False
2020-03-04,2020,1,3,March,4,2,Wednesday,10,False
2020-03-05,2020,1,3,March,5,3,Thursday,10,False
2020-03-06,2020,1,3,March,6,4,Friday,10,False
2020-03-07,2020,1,3,March,7,5,Saturday,10,True
2020-03-08,2020,1,3,March,8,6,Sunday,10,True
2020-03-09,2020,1,3,March,9,0,Monday,11,False
2020-03-10,2020,1,3,March,10,1,Tuesday,11,False
2020-03-11,2020,1,3,March,11,2,Wednesday,11,False
2020-03-12,2020,1,3,March,12,3,Thursday,11,False
2020-03-13,2020,1,3,March,13,4,Friday,11,False
2020-03-14,2020,1,3,March,14,5,Saturday,11,True
2020-03-15,2020,1,3,March,15,6,Sunday,11,True
2020-03-16,2020,1,3,March,16,0,Monday,12,False
2020-03-17,2020,1,3,March,17,1,Tuesday,12,False
2020-03-18,2020,1,3,March,18,2,Wednesday,12,False
2020-03-19,2020,1,3,March,19,3,Thursday,12,False
2020-03-20,2020,1,3,March,20,4,Friday,12,False
2020-03-21,2020,1,3,March,21,5,Saturday,12,True
2020-03-22,2020,1,3,March,22,6,Sunday,12,True
2020-03-23,2020,1,3,March,23,0,Monday,13,False
2020-03-24,2020,1,3,March,24,1,Tuesday,13,False
2020-03-25,2020,1,3,March,25,2,Wednesday,13,False
2020-03-26,2020,1,3,March,26,3,Thursday,13,False
2020-03-27,2020,1,3,March,27,4,Friday,13,False
2020-03-28,2020,1,3,March,28,5,Saturday,13,True
2020-03-29,2020,1,3,March,29,6,Sunday,13,True
2020-03-30,2020,1,3,March,30,0,Monday,14,False
2020-03-31,2020,1,3,March,31,1,Tuesday,14,False
2020-04-01,2020,2,4,April,1,2,Wednesday,14,False
2020-04-02,2020,2,4,April,2,3,Thursday,14,False
2020-04-03,2020,2,4,April,3,4,Friday,14,False
2020-04-04,2020,2,4,April,4,5,Saturday,14,True
2020-04-05,2020,2,4,April,5,6,Sunday,14,True
2020-04-06,2020,2,4,April,6,0,Monday,15,False
2020-04-07,2020,2,4,April,7,1,Tuesday,15,False
2020-04-08,2020,2,4,April,8,2,Wednesday,15,False
2020-04-09,2020,2,4,April,9,3,Thursday,15,False
2020-04-10,2020,2,4,April,10,4,Friday,15,False
2020-04-11,2020,2,4,April,11,5,Saturday,15,True
2020-04-12,2020,2,4,April,12,6,Sunday,15,True
2020-04-13,2020,2,4,April,13,0,Monday,16,False
2020-04-14,2020,2,4,April,14,1,Tuesday,16,False
2020-04-15,2020,2,4,April,15,2,Wednesday,16,False
2020-04-16,2020,2,4,April,16,3,Thursday,16,False
2020-04-17,2020,2,4,April,17,4,Friday,16,False
2020-04-18,2020,2,4,April,18,5,Saturday,16,True
2020-04-19,2020,2,4,April,19,6,Sunday,16,True
2020-04-20,2020,2,4,April,20,0,Monday,17,False
2020-04-21,2020,2,4,April,21,1,Tuesday,17,False
2020-04-22,2020,2,4,April,22,2,Wednesday,17,False
2020-04-23,2020,2,4,April,23,3,Thursday,17,False
2020-04-24,2020,2,4,April,24,4,Friday,17,False
2020-04-25,2020,2,4,April,25,5,Saturday,17,True
2020-04-26,2020,2,4,April,26,6,Sunday,17,True
2020-04-27,2020,2,4,April,27,0,Monday,18,False
2020-04-28,2020,2,4,April,28,1,Tuesday,18,False
2020-04-29,2020,2,4,April,29,2,Wednesday,18,False
2020-04-30,2020,2,4,April,30,3,Thursday,18,False
2020-05-01,2020,2,5,May,1,4,Friday,18,False
2020-05-02,2020,2,5,May,2,5,Saturday,18,True
2020-05-03,2020,2,5,May,3,6,Sunday,18,True
2020-05-04,2020,2,5,May,4,0,Monday,19,False
2020-05-05,2020,2,5,May,5,1,Tuesday,19,False
2020-05-06,2020,2,5,May,6,2,Wednesday,19,False
2020-05-07,2020,2,5,May,7,3,Thursday,19,False
2020-05-08,2020,2,5,May,8,4,Friday,19,False
2020-05-09,2020,2,5,May,9,5,Saturday,19,True
2020-05-10,2020,2,5,May,10,6,Sunday,19,True
2020-05-11,2020,2,5,May,11,0,Monday,20,False
2020-05-12,2020,2,5,May,12,1,Tuesday,20,False
2020-05-13,2020,2,5,May,13,2,Wednesday,20,False
2020-05-14,2020,2,5,May,14,3,Thursday,20,False
2020-05-15,2020,2,5,May,15,4,Friday,20,False
2020-05-16,2020,2,5,May,16,5,Saturday,20,True
2020-05-17,2020,2,5,May,17,6,Sunday,20,True
2020-05-18,2020,2,5,May,18,0,Monday,21,False
2020-05-19,2020,2,5,May,19,1,Tuesday,21,False
2020-05-20,2020,2,5,May,20,2,Wednesday,21,False
2020-05-21,2020,2,5,May,21,3,Thursday,21,False
2020-05-22,2020,2,5,May,22,4,Friday,21,False
2020-05-23,2020,2,5,May,23,5,Saturday,21,True
2020-05-24,2020,2,5,May,24,6,Sunday,21,True
2020-05-25,2020,2,5,May,25,0,Monday,22,False
2020-05-26,2020,2,5,May,26,1,Tuesday,22,False
2020-05-27,2020,2,5,May,27,2,Wednesday,22,False
2020-05-28,2020,2,5,May,28,3,Thursday,22,False
2020-05-29,2020,2,5,May,29,4,Friday,22,False
2020-05-30,2020,2,5,May,30,5,Saturday,22,True
2020-05-31,2020,2,5,May,31,6,Sunday,22,True
2020-06-01,2020,2,6,June,1,0,Monday,23,False
2020-06-02,2020,2,6,June,2,1,Tuesday,23,False
2020-06-03,2020,2,6,June,3,2,Wednesday,23,False
2020-06-04,2020,2,6,June,4,3,Thursday,23,False
2020-06-05,2020,2,6,June,5,4,Friday,23,False
2020-06-06,2020,2,6,June,6,5,Saturday,23,True
2020-06-07,2020,2,6,June,7,6,Sunday,23,True
2020-06-08,2020,2,6,June,8,0,Monday,24,False
2020-06-09,2020,2,6,June,9,1,Tuesday,24,False
2020-06-10,2020,2,6,June,10,2,Wednesday,24,False
2020-06-11,2020,2,6,June,11,3,Thursday,24,False
2020-06-12,2020,2,6,June,12,4,Friday,24,False
2020-06-13,2020,2,6,June,13,5,Saturday,24,True
2020-06-14,2020,2,6,June,14,6,Sunday,24,True
2020-06-15,2020,2,6,June,15,0,Monday,25,False
2020-06-16,2020,2,6,June,16,1,Tuesday,25,False
2020-06-17,2020,2,6,June,17,2,Wednesday,25,False
2020-06-18,2020,2,6,June,18,3,Thursday,25,False
2020-06-19,2020,2,6,June,19,4,Friday,25,False
2020-06-20,2020,2,6,June,20,5,Saturday,25,True
2020-06-21,2020,2,6,June,21,6,Sunday,25,True
2020-06-22,2020,2,6,June,22,0,Monday,26,False
2020-06-23,2020,2,6,June,23,1,Tuesday,26,False
2020-06-24,2020,2,6,June,24,2,Wednesday,26,False
2020-06-25,2020,2,6,June,25,3,Thursday,26,False
2020-06-26,2020,2,6,June,26,4,Friday,26,False
2020-06-27,2020,2,6,June,27,5,Saturday,26,True
2020-06-28,2020,2,6,June,28,6,Sunday,26,True
2020-06-29,2020,2,6,June,29,0,Monday,27,False
2020-06-30,2020,2,6,June,30,1,Tuesday,27,False
2020-07-01,2020,3,7,July,1,2,Wednesday,27,False
2020-07-02,2020,3,7,July,2,3,Thursday,27,False
2020-07-03,2020,3,7,July,3,4,Friday,27,False
2020-07-04,2020,3,7,July,4,5,Saturday,27,True
2020-07-05,2020,3,7,July,5,6,Sunday,27,True
2020-07-06,2020,3,7,July,6,0,Monday,28,False
2020-07-07,2020,3,7,July,7,1,Tuesday,28,False
2020-07-08,2020,3,7,July,8,2,Wednesday,28,False
2020-07-09,2020,3,7,July,9,3,Thursday,28,False
2020-07-10,2020,3,7,July,10,4,Friday,28,False
2020-07-11,2020,3,7,July,11,5,Saturday,28,True
2020-07-12,2020,3,7,July,12,6,Sunday,28,True
2020-07-13,2020,3,7,July,13,0,Monday,29,False
2020-07-14,2020,3,7,July,14,1,Tuesday,29,False
2020-07-15,2020,3,7,July,15,2,Wednesday,29,False
2020-07-16,2020,3,7,July,16,3,Thursday,29,False
2020-07-17,2020,3,7,July,17,4,Friday,29,False
2020-07-18,2020,3,7,July,18,5,Saturday,29,True
2020-07-19,2020,3,7,July,19,6,Sunday,29,True
2020-07-20,2020,3,7,July,20,0,Monday,30,False
2020-07-21,2020,3,7,July,21,1,Tuesday,30,False
2020-07-22,2020,3,7,July,22,2,Wednesday,30,False
2020-07-23,2020,3,7,July,23,3,Thursday,30,False
2020-07-24,2020,3,7,July,24,4,Friday,30,False
2020-07-25,2020,3,7,July,25,5,Saturday,30,True
2020-07-26,2020,3,7,July,26,6,Sunday,30,True
2020-07-27,2020,3,7,July,27,0,Monday,31,False
2020-07-28,2020,3,7,July,28,1,Tuesday,31,False
2020-07-29,2020,3,7,July,29,2,Wednesday,31,False
2020-07-30,2020,3,7,July,30,3,Thursday,31,False
2020-07-31,2020,3,7,July,31,4,Friday,31,False
2020-08-01,2020,3,8,August,1,5,Saturday,31,True
2020-08-02,2020,3,8,August,2,6,Sunday,31,True
2020-08-03,2020,3,8,August,3,0,Monday,32,False
2020-08-04,2020,3,8,August,4,1,Tuesday,32,False
2020-08-05,2020,3,8,August,5,2,Wednesday,32,False
2020-08-06,2020,3,8,August,6,3,Thursday,32,False
2020-08-07,2020,3,8,August,7,4,Friday,32,False
2020-08-08,2020,3,8,August,8,5,Saturday,32,True
2020-08-09,2020,3,8,August,9,6,Sunday,32,True
2020-08-10,2020,3,8,August,10,0,Monday,33,False
2020-08-11,2020,3,8,August,11,1,Tuesday,33,False
2020-08-12,2020,3,8,August,12,2,Wednesday,33,False
2020-08-13,2020,3,8,August,13,3,Thursday,33,False
2020-08-14,2020,3,8,August,14,4,Friday,33,False
2020-08-15,2020,3,8,August,15,5,Saturday,33,True
2020-08-16,2020,3,8,August,16,6,Sunday,33,True
2020-08-17,2020,3,8,August,17,0,Monday,34,False
2020-08-18,2020,3,8,August,18,1,Tuesday,34,False
2020-08-19,2020,3,8,August,19,2,Wednesday,34,False
2020-08-20,2020,3,8,August,20,3,Thursday,34,False
2020-08-21,2020,3,8,August,21,4,Friday,34,False
2020-08-22,2020,3,8,August,22,5,Saturday,34,True
2020-08-23,2020,3,8,August,23,6,Sunday,34,True
2020-08-24,2020,3,8,August,24,0,Monday,35,False
2020-08-25,2020,3,8,August,25,1,Tuesday,35,False
2020-08-26,2020,3,8,August,26,2,Wednesday,35,False
2020-08-27,2020,3,8,August,27,3,Thursday,35,False
2020-08-28,2020,3,8,August,28,4,Friday,35,False
2020-08-29,2020,3,8,August,29,5,Saturday,35,True
2020-08-30,2020,3,8,August,30,6,Sunday,35,True
2020-08-31,2020,3,8,August,31,0,Monday,36,False
2020-09-01,2020,3,9,September,1,1,Tuesday,36,False
2020-09-02,2020,3,9,September,2,2,Wednesday,36,False
2020-09-03,2020,3,9,September,3,3,Thursday,36,False
2020-09-04,2020,3,9,September,4,4,Friday,36,False
2020-09-05,2020,3,9,September,5,5,Saturday,36,True
2020-09-06,2020,3,9,September,6,6,Sunday,36,True
2020-09-07,2020,3,9,September,7,0,Monday,37,False
2020-09-08,2020,3,9,September,8,1,Tuesday,37,False
2020-09-09,2020,3,9,September,9,2,Wednesday,37,False
2020-09-10,2020,3,9,September,10,3,Thursday,37,False
2020-09-11,2020,3,9,September,11,4,Friday,37,False
2020-09-12,2020,3,9,September,12,5,Saturday,37,True
2020-09-13,2020,3,9,September,13,6,Sunday,37,True
2020-09-14,2020,3,9,September,14,0,Monday,38,False
2020-09-15,2020,3,9,September,15,1,Tuesday,38,False
2020-09-16,2020,3,9,September,16,2,Wednesday,38,False
2020-09-17,2020,3,9,September,17,3,Thursday,38,False
2020-09-18,2020,3,9,September,18,4,Friday,38,False
2020-09-19,2020,3,9,September,19,5,Saturday,38,True
2020-09-20,2020,3,9,September,20,6,Sunday,38,True
2020-09-21,2020,3,9,September,21,0,Monday,39,False
2020-09-22,2020,3,9,September,22,1,Tuesday,39,False
2020-09-23,2020,3,9,September,23,2,Wednesday,39,False
2020-09-24,2020,3,9,September,24,3,Thursday,39,False
2020-09-25,2020,3,9,September,25,4,Friday,39,False
2020-09-26,2020,3,9,September,26,5,Saturday,39,True
2020-09-27,2020,3,9,September,27,6,Sunday,39,True
2020-09-28,2020,3,9,September,28,0,Monday,40,False
2020-09-29,2020,3,9,September,29,1,Tuesday,40,False
2020-09-30,2020,3,9,September,30,2,Wednesday,40,False
2020-10-01,2020,4,10,October,1,3,Thursday,40,False
2020-10-02,2020,4,10,October,2,4,Friday,40,False
2020-10-03,2020,4,10,October,3,5,Saturday,40,True
2020-10-04,2020,4,10,October,4,6,Sunday,40,True
2020-10-05,2020,4,10,October,5,0,Monday,41,False
2020-10-06,2020,4,10,October,6,1,Tuesday,41,False
2020-10-07,2020,4,10,October,7,2,Wednesday,41,False
2020-10-08,2020,4,10,October,8,3,Thursday,41,False
2020-10-09,2020,4,10,October,9,4,Friday,41,False
2020-10-10,2020,4,10,October,10,5,Saturday,41,True
2020-10-11,2020,4,10,October,11,6,Sunday,41,True
2020-10-12,2020,4,10,October,12,0,Monday,42,False
2020-10-13,2020,4,10,October,13,1,Tuesday,42,False
2020-10-14,2020,4,10,October,14,2,Wednesday,42,False
2020-10-15,2020,4,10,October,15,3,Thursday,42,False
2020-10-16,2020,4,10,October,16,4,Friday,42,False
2020-10-17,2020,4,10,October,17,5,Saturday,42,True
2020-10-18,2020,4,10,October,18,6,Sunday,42,True
2020-10-19,2020,4,10,October,19,0,Monday,43,False
2020-10-20,2020,4,10,October,20,1,Tuesday,43,False
2020-10-21,2020,4,10,October,21,2,Wednesday,43,False
2020-10-22,2020,4,10,October,22,3,Thursday,43,False
2020-10-23,2020,4,10,October,23,4,Friday,43,False
2020-10-24,2020,4,10,October,24,5,Saturday,43,True
2020-10-25,2020,4,10,October,25,6,Sunday,43,True
2020-10-26,2020,4,10,October,26,0,Monday,44,False
2020-10-27,2020,4,10,October,27,1,Tuesday,44,False
2020-10-28,2020,4,10,October,28,2,Wednesday,44,False
2020-10-29,2020,4,10,October,29,3,Thursday,44,False
2020-10-30,2020,4,10,October,30,4,Friday,44,False
2020-10-31,2020,4,10,October,31,5,Saturday,44,True
2020-11-01,2020,4,11,November,1,6,Sunday,44,True
2020-11-02,2020,4,11,November,2,0,Monday,45,False
2020-11-03,2020,4,11,November,3,1,Tuesday,45,False
2020-11-04,2020,4,11,November,4,2,Wednesday,45,False
2020-11-05,2020,4,11,November,5,3,Thursday,45,False
2020-11-06,2020,4,11,November,6,4,Friday,45,False
2020-11-07,2020,4,11,November,7,5,Saturday,45,True
2020-11-08,2020,4,11,November,8,6,Sunday,45,True
2020-11-09,2020,4,11,November,9,0,Monday,46,False
2020-11-10,2020,4,11,November,10,1,Tuesday,46,False
2020-11-11,2020,4,11,November,11,2,Wednesday,46,False
2020-11-12,2020,4,11,November,12,3,Thursday,46,False
2020-11-13,2020,4,11,November,13,4,Friday,46,False
2020-11-14,2020,4,11,November,14,5,Saturday,46,True
2020-11-15,2020,4,11,November,15,6,Sunday,46,True
2020-11-16,2020,4,11,November,16,0,Monday,47,False
2020-11-17,2020,4,11,November,17,1,Tuesday,47,False
2020-11-18,2020,4,11,November,18,2,Wednesday,47,False
2020-11-19,2020,4,11,November,19,3,Thursday,47,False
2020-11-20,2020,4,11,November,20,4,Friday,47,False
2020-11-21,2020,4,11,November,21,5,Saturday,47,True
2020-11-22,2020,4,11,November,22,6,Sunday,47,True
2020-11-23,2020,4,11,November,23,0,Monday,48,False
2020-11-24,2020,4,11,November,24,1,Tuesday,48,False
2020-11-25,2020,4,11,November,25,2,Wednesday,48,False
2020-11-26,2020,4,11,November,26,3,Thursday,48,False
2020-11-27,2020,4,11,November,27,4,Friday,48,False
2020-11-28,2020,4,11,November,28,5,Saturday,48,True
2020-11-29,2020,4,11,November,29,6,Sunday,48,True
2020-11-30,2020,4,11,November,30,0,Monday,49,False
2020-12-01,2020,4,12,December,1,1,Tuesday,49,False
2020-12-02,2020,4,12,December,2,2,Wednesday,49,False
2020-12-03,2020,4,12,December,3,3,Thursday,49,False
2020-12-04,2020,4,12,December,4,4,Friday,49,False
2020-12-05,2020,4,12,December,5,5,Saturday,49,True
2020-12-06,2020,4,12,December,6,6,Sunday,49,True
2020-12-07,2020,4,12,December,7,0,Monday,50,False
2020-12-08,2020,4,12,December,8,1,Tuesday,50,False
2020-12-09,2020,4,12,December,9,2,Wednesday,50,False
2020-12-10,2020,4,12,December,10,3,Thursday,50,False
2020-12-11,2020,4,12,December,11,4,Friday,50,False
2020-12-12,2020,4,12,December,12,5,Saturday,50,True
2020-12-13,2020,4,12,December,13,6,Sunday,50,True
2020-12-14,2020,4,12,December,14,0,Monday,51,False
2020-12-15,2020,4,12,December,15,1,Tuesday,51,False
2020-12-16,2020,4,12,December,16,2,Wednesday,51,False
2020-12-17,2020,4,12,December,17,3,Thursday,51,False
2020-12-18,2020,4,12,December,18,4,Friday,51,False
2020-12-19,2020,4,12,December,19,5,Saturday,51,True
2020-12-20,2020,4,12,December,20,6,Sunday,51,True
2020-12-21,2020,4,12,December,21,0,Monday,52,False
2020-12-22,2020,4,12,December,22,1,Tuesday,52,False
2020-12-23,2020,4,12,December,23,2,Wednesday,52,False
2020-12-24,2020,4,12,December,24,3,Thursday,52,False
2020-12-25,2020,4,12,December,25,4,Friday,52,False
2020-12-26,2020,4,12,December,26,5,Saturday,52,True
2020-12-27,2020,4,12,December,27,6,Sunday,52,True
2020-12-28,2020,4,12,December,28,0,Monday,53,False
2020-12-29,2020,4,12,December,29,1,Tuesday,53,False
2020-12-30,2020,4,12,December,30,2,Wednesday,53,False
2020-12-31,2020,4,12,December,31,3,Thursday,53,False
2021-01-01,2021,1,1,January,1,4,Friday,53,False
2021-01-02,2021,1,1,January,2,5,Saturday,53,True
2021-01-03,2021,1,1,January,3,6,Sunday,53,True
2021-01-04,2021,1,1,January,4,0,Monday,1,False
2021-01-05,2021,1,1,January,5,1,Tuesday,1,False
2021-01-06,2021,1,1,January,6,2,Wednesday,1,False
2021-01-07,2021,1,1,January,7,3,Thursday,1,False
2021-01-08,2021,1,1,January,8,4,Friday,1,False
2021-01-09,2021,1,1,January,9,5,Saturday,1,True
2021-01-10,2021,1,1,January,10,6,Sunday,1,True
2021-01-11,2021,1,1,January,11,0,Monday,2,False
2021-01-12,2021,1,1,January,12,1,Tuesday,2,False
2021-01-13,2021,1,1,January,13,2,Wednesday,2,False
2021-01-14,2021,1,1,January,14,3,Thursday,2,False
2021-01-15,2021,1,1,January,15,4,Friday,2,False
2021-01-16,2021,1,1,January,16,5,Saturday,2,True
2021-01-17,2021,1,1,January,17,6,Sunday,2,True
2021-01-18,2021,1,1,January,18,0,Monday,3,False
2021-01-19,2021,1,1,January,19,1,Tuesday,3,False
2021-01-20,2021,1,1,January,20,2,Wednesday,3,False
2021-01-21,2021,1,1,January,21,3,Thursday,3,False
2021-01-22,2021,1,1,January,22,4,Friday,3,False
2021-01-23,2021,1,1,January,23,5,Saturday,3,True
2021-01-24,2021,1,1,January,24,6,Sunday,3,True
2021-01-25,2021,1,1,January,25,0,Monday,4,False
2021-01-26,2021,1,1,January,26,1,Tuesday,4,False
2021-01-27,2021,1,1,January,27,2,Wednesday,4,False
2021-01-28,2021,1,1,January,28,3,Thursday,4,False
2021-01-29,2021,1,1,January,29,4,Friday,4,False
2021-01-30,2021,1,1,January,30,5,Saturday,4,True
2021-01-31,2021,1,1,January,31,6,Sunday,4,True
2021-02-01,2021,1,2,February,1,0,Monday,5,False
2021-02-02,2021,1,2,February,2,1,Tuesday,5,False
2021-02-03,2021,1,2,February,3,2,Wednesday,5,False
2021-02-04,2021,1,2,February,4,3,Thursday,5,False
2021-02-05,2021,1,2,February,5,4,Friday,5,False
2021-02-06,2021,1,2,February,6,5,Saturday,5,True
2021-02-07,2021,1,2,February,7,6,Sunday,5,True
2021-02-08,2021,1,2,February,8,0,Monday,6,False
2021-02-09,2021,1,2,February,9,1,Tuesday,6,False
2021-02-10,2021,1,2,February,10,2,Wednesday,6,False
2021-02-11,2021,1,2,February,11,3,Thursday,6,False
2021-02-12,2021,1,2,February,12,4,Friday,6,False
2021-02-13,2021,1,2,February,13,5,Saturday,6,True
2021-02-14,2021,1,2,February,14,6,Sunday,6,True
2021-02-15,2021,1,2,February,15,0,Monday,7,False
2021-02-16,2021,1,2,February,16,1,Tuesday,7,False
2021-02-17,2021,1,2,February,17,2,Wednesday,7,False
2021-02-18,2021,1,2,February,18,3,Thursday,7,False
2021-02-19,2021,1,2,February,19,4,Friday,7,False
2021-02-20,2021,1,2,February,20,5,Saturday,7,True
2021-02-21,2021,1,2,February,21,6,Sunday,7,True
2021-02-22,2021,1,2,February,22,0,Monday,8,False
2021-02-23,2021,1,2,February,23,1,Tuesday,8,False
2021-02-24,2021,1,2,February,24,2,Wednesday,8,False
2021-02-25,2021,1,2,February,25,3,Thursday,8,False
2021-02-26,2021,1,2,February,26,4,Friday,8,False
2021-02-27,2021,1,2,February,27,5,Saturday,8,True
